,Beta,mu_IR,mu_ID,mu_EI,alpha,mu_AR,mu_PI,c_1,c_2,c_3,c_4,c_5,c_6,rho,N,tau,loglik,loglik.se
1,0.231360326,54.36000375,9.51E-07,5.106237997,0.834632098,0.315370034,0.644855438,1.917859273,1.598408566,1.437806446,1.802074681,2.017574347,2.407679021,0.203802679,39512223,1066.624324,-3794.488658,0.942523412
2,0.076077256,7.193957017,2.68E-05,1.715715969,0.759221392,0.057054365,0.428435517,2.600112587,1.244669677,0.693424589,1.641811701,3.124884758,2.484543723,0.098538215,39512223,878.3674413,-3794.747977,1.467480117
3,0.189878148,16.95161703,2.60E-07,0.149134702,0.725331216,0.046470284,1.466391632,1.723053248,0.520785606,0.09770052,0.790999755,1.965902372,0.389107749,0.090121511,39512223,1069.840855,-3803.218195,0.690648725
4,0.087003346,7.766454333,8.46E-07,0.796358883,0.745672387,0.049097566,1.478465764,2.565379647,1.041399489,0.392806643,1.472411368,2.903269825,0.360635973,0.092913351,39512223,983.2207776,-3805.713464,1.582678543
5,0.223435577,26.24579952,1.33E-06,1.369076839,0.573148838,0.076838586,0.127611495,0.997902927,0.505386476,0.314567106,0.697948656,1.07194287,1.552564776,0.104937973,39512223,1304.894604,-3805.737628,7.068579431
6,0.092520339,13.51671353,1.53E-05,1.280993473,0.689173927,0.04609246,1.211856948,2.364119119,1.046078728,0.38779572,1.319227518,2.713585629,0.212051361,0.093146202,39512223,917.5864066,-3805.909336,9.290257991
7,1.191939057,6.315685348,1.78E-07,10.30210819,0.812618308,0.975416929,1.444833955,0.829375729,0.825801337,0.810336152,0.874450718,0.915959557,0.966248977,0.464948997,39512223,1048.325506,-3806.301104,7.888691943
8,0.116470665,40.06974316,7.07E-07,2.63424608,0.73793259,0.055625189,1.169473774,1.931827905,0.86108913,0.411739351,1.099784518,2.151074799,1.057302193,0.097329487,39512223,898.017182,-3806.613486,1.093980042
9,0.065383584,6.543461064,9.64E-06,1.113523427,0.791435672,0.049325291,0.471313459,2.817796568,1.410554823,0.44056678,1.801122208,3.461205516,0.604645931,0.096345204,39512223,942.5301049,-3807.714792,1.083426375
10,0.081468396,15.41987209,5.31E-06,3.629364404,0.68928111,0.053534689,1.217376423,2.788624636,1.291614631,0.669559272,1.563159743,3.240463562,0.276829532,0.097695883,39512223,1007.679885,-3809.968365,0.759243475
11,0.169516797,16.97114789,3.39E-07,0.208356302,0.921190759,0.092490583,0.927158487,1.731276019,0.807493003,0.43302605,1.08532114,1.966593709,6.712413511,0.093165426,39512223,995.4576916,-3810.114887,14.51199303
12,0.064231033,5.748630407,4.73E-07,8.666424769,0.680011492,0.052881797,2.87842347,3.352261428,1.750078344,0.82678536,1.93054384,4.129647392,0.509682075,0.094611835,39512223,1121.198658,-3810.447465,0.368347756
13,0.17674613,23.99457453,6.22E-07,0.241864593,0.5820531,0.047582824,0.438127645,1.78483586,0.633481765,0.217884332,0.86708017,1.961714304,0.281259326,0.09320756,39512223,988.0739132,-3812.009277,1.032166249
14,0.072031136,6.190141172,6.80E-07,1.259625959,0.952340664,0.049320818,0.165514096,2.365169495,1.005678764,0.423095261,1.413626066,2.844305651,0.406329957,0.093903583,39512223,1047.382754,-3812.696328,1.546656789
15,0.066312724,6.781469915,1.39E-06,1.215494893,0.573093598,0.049511399,0.050147342,2.512415375,1.096719505,0.330460341,1.610290162,3.116325132,0.572564034,0.094512615,39512223,1121.002269,-3814.155811,4.736072638
16,0.138901281,9.198468491,3.00E-06,0.123986189,0.811347192,0.050606684,0.323324282,2.269689993,0.654609362,0.175446907,1.095719573,2.579761985,0.448368326,0.091054712,39512223,848.1806944,-3814.450532,0.340149924
17,0.144108131,21.80700236,3.59E-06,5.197779394,0.750744289,0.049710923,0.332116392,1.290345981,0.595388888,0.262808197,0.769714894,1.531097256,0.165613568,0.095324563,39512223,999.8313893,-3814.581079,34.70385238
18,0.167359219,3.570126556,1.57E-06,0.116157287,0.880903826,0.048820288,0.048873005,1.655223678,0.43206399,0.029315566,0.950170096,2.102970214,14.9890459,0.091610434,39512223,992.2655191,-3814.877378,0.219850293
19,0.076951166,8.947785877,1.49E-06,0.677806012,0.942226359,0.047906032,0.54452957,2.417401228,0.95529637,0.278608701,1.378059022,3.00242967,0.342276361,0.094374951,39512223,859.1623563,-3815.660688,3.234738847
20,0.190972818,10.63358566,7.92E-07,0.054667934,0.926309208,0.174242656,1.097600843,3.99698612,1.395561049,0.539374704,2.278597347,4.933164463,0.160315662,0.08912696,39512223,1443.377572,-3816.597774,0.313097285
21,0.158515709,9.841717033,7.65E-07,1.536949358,0.726795766,0.051245686,0.331204901,1.276639151,0.608677367,0.202118785,0.769796826,1.497035047,0.627626873,0.094380003,39512223,1086.319337,-3817.443127,2.424418293
22,0.44577956,5.67316666,9.12E-06,1.028692956,0.712881754,0.066478227,0.977153636,0.534118363,0.274746406,0.118845639,0.348017817,0.643000425,1.071804563,0.095840816,39512223,1080.441076,-3817.685814,5.015347005
23,0.053316146,14.39893636,6.83E-07,2.24876376,0.735279279,0.046616411,0.383539699,3.68041837,1.685924589,0.625096299,2.085594213,4.334084098,0.284722526,0.095157917,39512223,865.4522495,-3817.996636,12.95513176
24,0.067983425,13.99639447,3.12E-07,0.82716787,0.705357806,0.047412884,0.295879735,3.233796708,1.326228185,0.554574778,1.722867071,3.637101162,0.093204564,0.095132086,39512223,983.6701114,-3818.697658,0.896937611
25,0.047785626,14.56983479,2.82E-06,0.30661954,0.910995221,0.075583068,0.015026512,5.179784331,1.686690393,0.732278577,2.317969228,5.326526495,2.677176443,0.093835816,39512223,963.0183031,-3822.917071,1.932517045
26,0.087189515,11.72137778,2.26E-06,6.434035488,0.670420328,0.050214697,0.152976138,2.103200562,1.052945231,0.438179336,1.29419669,2.468450573,0.605764769,0.094179398,39512223,1155.639761,-3822.922085,0.827823991
27,0.158042068,22.02986165,3.02E-06,0.744938577,0.784341591,0.046563395,0.164458384,1.2607084,0.467361706,0.226856371,0.628238599,1.447763724,0.138069698,0.094633867,39512223,921.9679569,-3823.47483,0.668366071
28,0.064585761,6.739683085,2.83E-06,0.152584668,0.9626097,0.043862373,0.062900687,4.042886503,0.901629667,0.284267602,1.901360062,5.076092359,1.951845799,0.092455723,39512223,1070.98944,-3823.714697,3.81306472
29,0.041371952,7.859481923,5.05E-06,0.834008821,0.71565546,0.047289087,0.104505936,4.701861627,1.839466943,0.8756995,2.687736893,5.558615305,0.244699917,0.093919465,39512223,880.3462989,-3824.201557,0.392867803
30,0.520100754,32.41689501,1.99E-06,4.077387606,0.291289668,0.143763272,0.485395099,0.826457673,0.595921429,0.505010731,0.694910783,0.863354748,1.069787036,0.153854863,39512223,897.8416821,-3824.390528,5.007693287
31,0.048189745,6.590668518,1.06E-05,0.310241262,0.950647143,0.040400835,0.086125356,3.989502791,1.389838071,0.123210164,2.260323422,5.186717623,0.189533473,0.092570735,39512223,1075.46162,-3825.481753,10.4153343
32,0.076755418,39.75046301,5.23E-06,2.044084274,0.118370876,0.299576648,0.060396473,2.486940592,1.16146869,0.617037593,1.524587853,2.714799653,1.978019254,0.097684434,39512223,1178.830579,-3828.209321,3.825679873
33,0.034661598,0.006541728,3.47E-06,1.150600592,0.878674451,0.052146435,0.005064825,2.94856564,1.869612079,0.215688955,1.339461054,4.923475577,0.254185868,0.102559686,39512223,826.8933491,-3828.251367,0.056283624
34,0.611998325,14.443988,8.33E-07,2.95781926,0.751847283,0.448360375,1.430298567,1.001777659,0.898497444,0.829637995,0.992401189,1.06832494,1.226024353,0.259082669,39512223,814.8824999,-3829.256425,1.126256144
35,0.337984049,16.47828779,3.86E-05,1.198152036,0.436844834,2.594963561,0.403080884,2.161373204,1.916770358,1.751290468,2.146202374,2.452584572,2.938170281,0.207128779,39512223,958.0985385,-3830.583362,8.12701686
36,0.02431283,8.763766317,3.32E-06,1.113843077,0.830081624,0.039244211,0.632099125,7.356103066,3.035787906,0.101698197,4.347694831,9.75087939,1.316966805,0.093274889,39512223,1028.736501,-3832.063891,10.66985574
37,0.58769777,34.56924328,1.55E-06,3.331261279,0.795243241,0.28142782,0.501041981,0.720096481,0.568558007,0.495367956,0.64054932,0.756789371,0.927460947,0.175730713,39512223,1259.724508,-3835.672877,15.511506
38,0.187942544,22.57522701,6.74E-07,0.480499373,0.954180911,0.067251503,0.13165,1.162582283,0.490682759,0.233124045,0.686351377,1.279407136,3.190564581,0.093974906,39512223,863.0660121,-3836.827414,9.468306579
39,0.052427097,5.190268425,2.24E-06,1.104859195,0.674510196,0.044432449,1.462442631,4.006704062,2.035498889,0.107815119,2.585022261,4.984928977,0.552739049,0.092665139,39512223,1336.260278,-3838.914477,0.823783291
40,0.158154506,17.20365305,3.72E-07,0.527599807,0.677114915,0.052457423,5.650097344,1.608451936,0.79402537,0.222742072,0.888958291,1.874535798,0.146396968,0.0917442,39512223,983.8959503,-3840.170894,0.667118826
41,0.013450313,0.00041574,4.76E-07,3.516426176,0.620881947,0.053717875,0.169583631,6.491631022,3.438754948,0.375345371,1.413043734,7.693928506,1.405379653,0.144503577,39512223,1012.937561,-3843.233724,0.0161241
42,0.143678569,19.80040209,1.10E-06,0.960498597,0.381136836,0.036773474,0.066118672,1.344101538,0.516917515,0.12329745,0.729952006,1.521848164,0.924747049,0.091582507,39512223,1218.693644,-3844.617561,0.435703479
43,0.094765938,10.4822482,3.27E-06,0.263569835,0.681716869,0.040866053,2.080648953,3.051117208,1.060017867,0.029998045,1.535833238,3.489367842,0.772544649,0.096991766,39512223,941.9774268,-3845.677205,4.660287954
44,0.603464938,15.96992066,4.05E-06,1.740919071,0.559501148,0.562664193,1.166938622,1.297274371,1.186015983,1.105063269,1.293825023,1.384288192,1.546877153,0.290563656,39512223,1023.928051,-3845.787817,4.085284079
45,0.11303701,15.25558153,1.82E-06,4.893318136,0.919471818,0.158371877,0.582576808,2.463844266,1.761296582,1.32974451,2.125198795,2.669246784,3.572232575,0.131527252,39512223,835.5075544,-3847.064158,2.768906401
46,0.09273285,40.50161602,1.62E-06,0.716555037,0.136839005,0.002228021,0.075526475,2.330605236,0.750975738,0.22332744,0.498989127,1.862832727,0.265748213,0.103090358,39512223,1180.599768,-3848.37695,0.588782482
47,0.225591863,11.96362284,4.48E-07,10.98829481,0.507650815,0.148365324,0.495126382,1.502467199,1.122180997,1.038352196,1.337318463,1.82422141,2.345338097,0.1411193,39512223,913.6308626,-3851.459665,0.829999041
48,0.12675238,6.198562943,3.49E-06,0.366869439,0.177899809,0.183799434,0.04408689,1.708774907,0.556761156,0.190027448,0.902300084,1.985868534,0.570240649,0.092484446,39512223,795.4621193,-3851.925776,22.04141677
49,0.05254199,8.968409392,8.91E-06,3.289869375,0.971965661,0.047200916,0.190095644,3.304229303,1.33696634,0.429046491,1.884373353,3.951683593,0.318023406,0.094998203,39512223,982.3384159,-3852.836785,22.73383907
50,0.142592341,27.32074635,8.69E-06,4.88611227,0.283409999,0.198713278,0.219969164,2.186755865,1.678476385,1.363781666,1.945974847,2.345799933,3.03472684,0.15132694,39512223,1928.761276,-3854.485556,10.5411838
51,0.182717187,20.02741754,7.63E-06,2.838275756,0.211184492,0.334439206,0.079873708,1.1847843,0.673678813,0.36202073,0.877812908,1.408042367,2.680679962,0.100768849,39512223,931.7933116,-3855.936476,3.283259837
52,0.028785597,30.7729624,4.99E-07,1.565274986,0.292169281,0.000748991,0.076785409,6.106734575,2.003904057,0.38807392,0.831643943,4.078311694,0.298678438,0.123612879,39512223,1340.710923,-3856.403377,1.691631978
53,0.207971699,19.39277027,6.73E-06,6.135840232,0.946633781,0.227442996,0.060406731,1.616529859,1.10374213,0.853295057,1.307794524,1.669369452,1.816626221,0.139856475,39512223,1003.691338,-3856.831615,2.498774439
54,0.201868327,15.31249182,2.70E-07,1.272902926,0.316838472,0.033721844,0.309983344,1.55995188,0.65226028,0.179621334,0.682562944,1.533753833,0.124294491,0.099342549,39512223,1277.906984,-3867.815101,0.849564312
55,0.223415586,15.69688744,2.55E-06,1.023959787,0.217531791,0.664741309,0.180741105,1.501764699,1.103339457,0.785437153,1.320975735,1.61297106,2.293143087,0.13385572,39512223,1367.123631,-3871.739222,2.104830723
56,0.069944085,13.45132845,3.61E-06,0.827953022,0.832292722,0.094972755,0.044832575,3.241096249,1.472104966,1.11025371,1.757462671,3.334767639,4.652748712,0.102256798,39512223,863.0825613,-3878.964572,1.260307663
57,0.909386941,17.98969752,2.01E-05,7.435784752,0.532216061,0.663957658,0.883509979,0.824967801,0.793517593,0.765327386,0.85403986,0.910748028,0.978740859,0.367496552,39512223,794.5035592,-3879.648475,18.46339291
58,0.119941087,8.434079225,2.18E-06,0.672438352,0.92214645,0.052715354,0.759912176,1.672182831,0.569203593,0.218237518,1.048763684,2.018343186,0.656902104,0.098628528,39512223,988.6994339,-3882.485973,3.276257647
59,0.967831313,11.14142338,5.69E-06,1.224611675,0.734663423,0.463694155,1.358422084,0.715607502,0.594596564,0.545364413,0.648131864,0.722627417,0.767455555,0.260353096,39512223,1053.23929,-3883.218547,3.58635077
60,0.31351332,11.98307144,6.03E-08,1.586609699,0.601361381,0.133599784,4.539669465,1.090518632,0.858959796,0.610344495,0.939089772,1.377328983,1.951116752,0.122261916,39512223,941.0768279,-3888.673675,2.914644262
61,0.080969513,22.64435389,2.25E-07,5.965182238,0.813674366,0.12057634,0.031535862,2.681245862,1.46692874,0.615605318,1.520493158,2.987061415,1.49516691,0.099175907,39512223,1080.077289,-3888.694279,0.903649434
62,0.238677919,21.19951232,4.50E-07,1.306788259,0.468708255,0.401351777,0.523394775,2.306472559,1.995873721,1.791440541,2.266484311,2.529760136,3.134434324,0.203914753,39512223,1233.943276,-3890.624648,19.06167554
63,0.126016314,11.08410924,5.60E-07,2.16513269,0.5642331,0.269790457,0.249697712,2.790448948,2.317905624,1.8930317,2.67574514,3.071248942,3.937092054,0.1643145,39512223,1047.629011,-3897.822238,2.43143143
64,0.196800845,11.61988981,1.09E-06,1.504613428,0.548560325,0.329837766,0.049021703,1.49094144,0.645970288,0.284638639,0.738938849,1.485095507,0.148281097,0.098445657,39512223,1397.648365,-3897.963665,6.423241016
65,0.209137247,19.74880542,1.61E-05,2.513297183,0.572831096,0.180208175,0.839526477,1.9085932,1.460165633,1.103155307,1.688401459,1.855663577,1.677224709,0.186538598,39512223,1817.80155,-3902.405924,0.938639501
66,0.037243304,11.82151462,4.19E-07,1.005493255,0.352213997,0.001956952,0.140013155,5.671510732,1.814053128,0.14939065,0.56257504,3.355528853,0.07011,0.121683821,39512223,1818.099096,-3909.452058,1.232323301
67,0.06583561,7.45097398,2.33E-06,1.891242913,0.842317447,0.05703872,0.107407701,2.581298005,1.482535725,0.303580155,1.875790208,3.086854013,0.502268461,0.087144255,39512223,3247.821548,-3913.685357,1.140338
68,0.357400516,18.80293791,1.69E-06,0.766679932,0.130299866,0.046026119,0.40586023,1.325571417,0.759990664,0.376976331,0.801920477,1.358286328,0.62045679,0.110814509,39512223,1451.657101,-3915.338243,1.042035354
69,0.076267377,32.31375619,1.76E-06,0.120246484,0.656018329,0.115524853,0.032894736,5.461157407,1.3636482,0.072615067,2.160814452,5.740590465,1.888328878,0.096394465,39512223,1126.86081,-3917.867176,30.63411038
70,0.061170166,22.59623422,4.09E-06,3.019076789,0.185603802,0.004554008,0.251923551,5.115291125,1.788041947,0.712778275,0.653586925,3.30983295,0.210240376,0.102365585,39512223,1903.177194,-3925.355378,0.455338123
71,0.215053851,42.18540761,7.55E-07,0.219088818,0.492647005,0.087160909,0.199746399,1.942550378,0.690127976,0.395433371,1.183151176,1.929917288,4.218324479,0.100471427,39512223,881.0463235,-3925.453936,2.072434396
72,0.177040389,12.39597964,2.85E-06,1.767280259,0.441174619,0.083926292,0.578165012,2.052796623,1.16128478,0.688421237,1.360038748,2.0553651,2.430741472,0.108183583,39512223,1072.990508,-3926.145795,2.277847547
73,0.108593618,19.94518832,2.38E-06,0.437245589,0.745842245,0.085867516,0.393111974,2.570937787,1.246928258,0.731635216,1.812672486,3.131192735,6.492599317,0.102824596,39512223,980.6739825,-3927.65847,46.73081862
74,0.333534212,19.60174923,8.02E-07,0.703352001,0.625165464,0.727141538,0.087114223,1.385689823,0.696323187,0.432348027,0.881726096,1.326494566,2.079913193,0.1050872,39512223,1039.817921,-3928.579961,42.83610597
75,0.046398475,14.32301844,1.37E-06,2.219253265,0.295310911,0.00140807,0.284137454,5.481026311,1.966162989,0.492994375,0.488469042,2.840015405,0.381026875,0.119085653,39512223,1812.043882,-3930.242518,1.370204522
76,0.179109794,23.88134463,4.38E-05,0.658134638,0.358230347,0.039014016,1.803379632,2.742433867,1.009724224,0.357488039,0.849599982,2.360714646,0.211708133,0.091207697,39512223,1105.619602,-3932.19529,1.612183597
77,0.112742256,12.01446297,1.96E-06,1.192307325,0.59271097,0.440291757,0.047661502,2.815712742,1.376014524,0.508448165,1.423025349,2.790010211,0.713219811,0.096356041,39512223,1216.321284,-3934.474876,2.687853186
78,0.046500403,11.27745057,1.15E-06,0.526132607,0.308242849,0.011031197,0.179076952,5.15053497,2.308843361,0.15545369,1.11844598,4.721544513,0.177348391,0.092549273,39512223,2277.080343,-3939.42414,28.96631243
79,0.134472532,24.84654055,1.08E-06,0.881424666,0.74420906,0.055777901,0.771896951,1.814459097,0.822486715,0.326211528,1.045373147,1.962883849,0.748604648,0.092672404,39512223,857.2461564,-3940.184137,72.25165894
80,0.092565979,13.17932981,7.83E-06,1.112976164,0.502536781,0.281035309,0.050295869,2.991065637,1.351441178,0.473837324,1.578806978,3.098402176,0.843223086,0.101157071,39512223,1212.909206,-3941.342554,0.835114972
81,0.10501933,2.905547925,2.42E-05,6.920023985,0.402102417,0.569889175,0.065065026,1.919839407,1.44244948,0.239855711,1.851841608,2.168720574,0.063334998,0.114773965,39512223,2915.57059,-3942.00341,0.145527157
82,0.469258788,24.32514266,5.04E-06,2.272086157,0.914951339,0.580976122,0.410194244,1.399018518,1.249841385,1.142757792,1.345147587,1.447509499,1.62386684,0.286931434,39512223,877.2777634,-3942.323979,7.913871959
83,0.544194477,36.80231721,1.03E-05,0.688193141,0.624658602,0.581406354,0.081594502,0.770908039,0.434650662,0.211020803,0.499480466,0.788435062,1.045943539,0.103714779,39512223,1098.643612,-3946.951735,2.260288775
84,0.265486101,4.731236553,8.23E-06,2.012377953,0.307036955,0.717682654,0.117699843,0.985095732,0.684624178,0.43575719,0.861045009,0.94041119,0.390400432,0.160555604,39512223,2419.787258,-3951.843765,0.64865523
85,0.085345287,10.87560228,2.06E-06,0.67842209,0.920972172,0.094282649,0.58201712,2.771327813,1.470987711,0.751959075,2.157987969,2.142326003,0.220281099,0.145997547,39512223,2123.314579,-3953.842459,0.411399142
86,0.563545538,11.75034964,1.11E-06,2.136725833,0.907294876,0.432945503,0.156781789,0.869589373,0.695379785,0.608644792,0.776972874,0.94603991,1.171517511,0.178795426,39512223,926.5154827,-3954.624924,21.78039571
87,0.085478786,6.834201233,2.98E-06,2.504111692,0.862818713,0.053990014,1.463775882,2.277145407,1.053627251,0.482892132,1.31440724,2.732661467,0.711353613,0.093099791,39512223,1035.349631,-3955.932329,8.743203224
88,0.261379844,4.298373506,4.34E-06,2.610604582,0.620203976,0.096369754,1.703342187,1.082213724,0.691304789,0.510538721,0.94364998,1.390039401,1.623258496,0.109366651,39512223,914.6248058,-3959.81638,6.288225025
89,0.367038294,4.333200811,1.37E-06,3.938322702,0.781469385,0.534488026,0.402792634,1.400829019,1.405980786,1.231525845,1.517266299,1.611048734,1.829299627,0.263867622,39512223,2300.104702,-3973.418665,1.381345916
90,0.348291861,11.22003552,8.69E-06,2.485849967,0.250616135,0.048880518,1.080815327,1.301928062,0.788637026,0.285242323,0.685547405,1.363080341,0.703015672,0.103481182,39512223,1272.598782,-3973.891127,18.89665648
91,0.129208385,16.01669633,1.82E-05,2.609148984,0.261394952,0.821781115,0.21651644,2.762303017,2.398603698,1.860654547,2.698393228,3.197562257,4.043310508,0.161129676,39512223,880.1297883,-3974.568276,31.97887064
92,0.332529376,13.74985608,1.32E-06,3.474609784,0.099979374,0.395103501,0.348715562,1.273407636,1.085684921,0.99317052,1.172598602,1.379682468,1.702215929,0.199296267,39512223,837.3249616,-3978.950879,3.172017175
93,0.200045266,8.429196769,2.22E-07,6.487425115,0.894644728,0.28462513,0.041015817,1.662614949,1.151464945,0.758679683,1.186991662,1.753365665,1.06090531,0.128583929,39512223,1533.608125,-3982.662888,22.08399151
94,0.159411791,15.8821894,4.26E-06,2.56323329,0.603027917,0.179581941,0.674695041,2.557047589,1.698886188,1.418501508,2.078033418,2.107909421,1.366683062,0.236603454,39512223,1881.882555,-3985.381795,3.652987507
95,0.146771054,10.78416946,1.41E-06,1.120740828,0.389156968,0.076774291,1.410921505,3.062841662,1.657958562,0.810345906,1.887525268,2.506853708,0.125287033,0.126531263,39512223,4832.319173,-3991.125745,15.37055324
96,0.092656972,8.950285829,5.70E-06,1.295429812,0.763232552,0.144075368,0.040350511,2.457690763,1.477184257,0.685256918,1.477366877,2.780209096,0.122771725,0.098689914,39512223,1800.935085,-3991.860663,17.68764567
97,0.209156514,11.73585313,6.09E-06,0.824858414,0.593917316,0.265511042,0.221328906,1.674086993,1.373862314,0.992748402,1.5562807,1.717505584,1.77459255,0.166138418,39512223,2121.429392,-4002.450807,5.659951597
98,0.312270114,17.81540447,1.14E-06,2.567414174,0.67902106,0.168953676,2.526079515,1.193680622,0.940121138,0.678953468,1.047523162,1.339724899,1.800342481,0.133016084,39512223,1124.46703,-4004.934866,7.762524282
99,0.163733262,10.28421492,2.94E-06,1.778586463,0.578119285,0.501485565,0.05106447,1.856422938,0.99568323,0.472682728,0.959783916,1.886002712,0.051207702,0.097866124,39512223,1689.33491,-4009.459254,1.361449691
100,0.032250151,8.899989995,3.19E-07,5.476630356,0.329037801,0.001335784,1.99530516,9.326152305,3.994927759,0.806206208,0.654197819,3.965942305,0.435703262,0.124284651,39512223,2716.958878,-4015.193329,2.032601497
101,0.02560922,3.410425945,2.24E-06,0.970219612,0.7557028,0.074151157,0.166972748,7.282189871,4.967934769,1.485346161,6.492671035,6.538145144,0.389758791,0.134960763,39512223,2404.627183,-4018.444145,25.14416261
102,0.87325385,26.9612115,8.21E-07,0.878265635,0.581348858,0.202764978,0.559464891,0.434794744,0.357544716,0.26432796,0.399219124,0.504069449,0.642793652,0.145083439,39512223,1174.121551,-4029.176815,53.45022404
103,0.33452539,11.30094618,1.47E-06,3.580124132,0.699610313,0.098702035,1.126015682,0.72599779,0.590294349,0.283813572,0.599497658,0.989005562,1.922529722,0.102211181,39512223,2586.244975,-4030.075433,8.874630815
104,0.073242799,13.12221251,5.21E-06,1.401181575,0.491645535,0.045478001,1.311031862,5.159089753,1.701853744,0.905001219,2.189380018,4.954037521,0.457688593,0.101341034,39512223,959.7001879,-4031.235281,3.679847979
105,1.171589483,9.746219849,1.11E-06,2.572440803,0.694049988,1.236828587,0.445534771,0.729081173,0.659959027,0.612948822,0.703203786,0.728834434,0.737998527,0.392395434,39512223,1604.089363,-4031.637893,0.807311627
106,0.068339297,13.48633682,1.06E-05,4.198376288,0.252580085,0.001562195,1.613098731,6.213892484,1.937881414,0.574559292,0.451761898,2.571745194,0.286400125,0.118296269,39512223,2939.432234,-4033.723694,28.77987193
107,0.539718332,23.94769172,1.30E-06,9.867767638,0.711049267,0.263246659,0.421607317,0.701538868,0.570710597,0.512362255,0.617238082,0.766215221,0.969404196,0.191072174,39512223,845.1246428,-4038.426567,25.69776747
108,0.598397614,12.57443456,3.00E-06,3.318136714,0.673024963,0.569823904,0.376293835,0.938292313,0.842724598,0.7627556,0.893309637,0.962735659,0.978061843,0.332522328,39512223,744.1424252,-4038.825148,10.97664785
109,0.500087578,7.457869412,4.82E-07,7.794536726,0.219065878,0.253635743,0.78707352,1.129205569,1.043665061,0.920474387,1.120696568,1.12535908,1.009380134,0.428215417,39512223,2416.722408,-4046.687421,1.22908884
110,0.122034252,12.24847729,9.04E-06,5.187150937,0.691687804,0.096587529,0.189632209,1.716020239,1.155493228,0.545965122,1.457313326,1.229959376,0.147921624,0.271537697,39512223,3529.34299,-4062.495526,36.12727699
111,0.114745425,4.155663944,3.29E-06,0.94051187,0.92490622,0.090268947,0.698405284,1.538572165,1.359310568,0.471230207,1.501798485,1.881565812,0.371055523,0.10639815,39512223,5068.935666,-4067.994255,1.828543448
112,0.528202795,14.26343481,3.08E-06,2.517158857,0.937850398,0.437982554,0.041601647,0.920302789,0.611400021,0.438551833,0.67231177,0.948593059,0.315644736,0.144086929,39512223,1417.080106,-4074.465204,39.43768704
113,0.162399544,3.03512768,1.17E-06,2.778141746,0.711060695,0.060563247,1.520292964,1.140944678,0.774697095,0.084018267,1.027801183,0.880379669,0.185600002,0.177845077,39512223,3628.703996,-4076.676079,2.314080906
114,0.082620108,6.319676247,2.24E-06,5.308554631,0.216243783,0.066673222,0.375236513,4.153169421,2.795024102,1.791176429,2.893046705,3.33196845,0.462127391,0.208168179,39512223,2803.78856,-4083.104485,1.636403893
115,0.257379922,11.1956821,3.67E-06,3.64122516,0.243069783,0.044893585,1.328974122,2.037517903,1.078445052,0.478669264,0.86078241,1.881726675,0.398663253,0.101389191,39512223,1397.904432,-4087.39389,7.721591838
116,0.449812122,11.77786551,8.70E-07,1.438612457,0.281850054,0.372731258,0.39167839,1.040481058,0.900357655,0.762915622,0.960518291,0.979711434,0.911210472,0.30853987,39512223,2196.224829,-4088.827736,2.668030392
117,0.283844009,14.06924905,3.00E-06,0.582586144,0.526242724,0.500439256,0.250384195,1.705780516,1.357383193,0.851686341,1.614459052,1.365234645,0.763103407,0.383631617,39512223,6993.345421,-4098.077297,2.472412548
118,0.132909333,44.36389044,3.67E-06,0.415478215,0.68595851,0.103023303,1.931831965,2.433389381,1.372013488,0.712637027,1.772528428,1.557503503,0.212564698,0.260543928,39512223,3192.72025,-4105.531154,13.03145971
119,0.115979825,5.512213152,1.67E-06,2.676248373,0.499172191,0.468841155,0.11930313,2.321569568,2.045165385,1.151548511,2.217868282,1.938452582,0.482522233,0.414994851,39512223,5862.394703,-4105.868461,3.147137245
120,0.23013893,14.12550755,5.42E-05,0.12189257,0.915626223,0.179504821,0.30641447,2.04306448,1.048220766,0.395784056,1.601020341,1.260308578,0.163432156,0.20610646,39512223,2479.377397,-4113.030374,0.605788212
121,0.075975023,2.842228867,4.08E-08,0.507057068,0.470022896,0.053317463,0.213299038,2.651734749,1.907083353,0.408355183,2.23121378,1.570750119,0.1214339,0.245204194,39512223,6183.811837,-4121.59205,6.769687427
122,0.032180136,9.773014956,2.57E-06,0.402526121,0.818002685,0.099829795,0.805118706,7.979160657,4.583203917,2.309719202,6.258065378,4.998167719,1.315842256,0.308503844,39512223,3884.725835,-4124.613409,5.304191502
123,0.283018917,12.97747412,2.08E-06,0.078844269,0.989316114,0.323531846,0.11238306,2.476717784,1.593060909,0.219091388,2.609509407,1.273573392,0.180526752,0.593737567,39512223,9048.633546,-4128.158205,2.681041645
124,0.174071736,5.128597954,1.19E-06,2.380545385,0.256246361,0.134044005,0.306074159,1.736383099,1.466353013,0.964414575,1.677672405,1.552715036,0.73877865,0.328265486,39512223,4292.512432,-4129.920447,10.40826546
125,0.091176767,3.365014998,1.71E-05,1.896519137,0.881502572,0.181270012,0.098744496,2.584806258,2.272584485,1.080085143,2.81297561,2.037949002,0.498924082,0.426788117,39512223,11349.92112,-4132.480708,11.13785137
126,0.21693008,4.063068677,7.40E-06,1.185330182,0.749527213,0.12941921,0.175382318,0.944355624,0.847950652,0.298838428,1.025577193,0.72925253,0.273772417,0.523400058,39512223,11647.73135,-4134.458731,16.35785693
127,0.149240184,11.27432467,5.54E-07,6.470689842,0.703291144,0.108665104,1.191199492,1.631689523,1.284524038,0.586732245,1.421956142,1.182969982,0.087349735,0.58040796,39512223,7144.136386,-4134.970066,6.959783323
128,0.19799724,10.76976495,5.66E-06,4.360078676,0.645596287,0.168399783,0.35392634,1.449987256,1.16373666,0.838185146,1.297193233,1.183274758,0.461407218,0.5941406,39512223,5727.916515,-4135.805361,1.660714416
129,0.173854807,16.30441578,9.61E-07,0.260093749,0.91830931,0.221504976,0.285103497,2.341455345,1.589613484,0.85497343,1.947388515,1.519008422,0.77174736,0.453965738,39512223,5307.124373,-4140.05669,4.824906147
130,0.269873639,12.47258172,1.67E-06,2.10231111,0.869926857,0.259009262,0.145520521,1.21614427,0.975792168,0.663472072,1.105994052,1.011965815,0.564012519,0.445578498,39512223,4815.982592,-4141.820422,1.701163918
131,0.406064315,8.073435597,2.70E-06,1.460131236,0.825867097,0.39507968,0.141527181,1.01844284,0.799818326,0.591330151,0.916038947,0.78293325,0.532896716,0.667592681,39512223,10904.85023,-4142.900752,4.796955371
132,0.106127984,4.715459618,3.79E-06,2.886360786,0.845576329,0.187687156,0.394801035,2.475670543,2.499423434,1.314066144,2.764047395,3.390114259,4.846036765,0.089833364,39512223,16651.21774,-4145.57549,2.966691382
133,0.017939874,5.481947081,3.95E-06,0.820766687,0.449506426,2.079907343,0.034419891,10.73141987,7.056015105,1.239277123,6.869390956,6.443875459,0.348766185,0.221292903,39512223,5428.99881,-4146.149434,0.387962651
134,0.292652459,43.35732279,5.34E-06,0.400114828,0.91481215,0.145200773,0.211244096,0.945247979,0.632761372,0.312114171,0.799891924,0.620633865,0.164892489,0.429911307,39512223,4248.316933,-4147.162517,1.237367187
135,0.032961656,5.885157892,1.21E-06,2.404999761,0.771714101,0.058071631,0.959868159,4.980862459,3.457226624,0.415855384,4.621686155,2.920384888,0.626031232,0.449141304,39512223,5794.397376,-4148.249232,2.130394911
136,0.39032784,20.36502225,5.23E-07,0.977705759,0.658536164,0.558377469,1.376548015,1.976684106,1.828738851,1.56028532,1.952383198,1.842477408,1.543412302,0.707484069,39512223,8435.804716,-4150.959366,8.570684796
137,0.127454055,9.208588635,1.80E-06,1.854488048,0.136404627,0.085464992,0.32372762,2.939936812,2.036280741,1.368937776,2.258209196,2.097903782,0.273884341,0.683689623,39512223,10918.05678,-4151.390398,2.681903914
138,0.176243865,3.861277606,9.24E-07,5.992515947,0.606883455,0.120410204,3.892245547,1.676180392,1.261180214,0.779965487,1.500763069,1.605796303,0.499554642,0.226579706,39512223,2236.303874,-4153.096025,1.104228863
139,0.135472155,6.623471786,6.70E-07,0.580550437,0.721757926,0.20834643,0.090685515,2.054209368,1.414426821,0.606596012,1.752775533,1.420556109,0.230883912,0.462122024,39512223,5693.856128,-4154.984917,5.81331033
140,0.143832343,5.330347868,9.10E-07,0.322512387,0.500899752,0.104112822,0.751075861,1.998342317,1.853249329,0.462627494,2.199584598,1.447337271,0.20829001,0.741356231,39512223,15753.96503,-4155.839483,1.483438894
141,0.230226802,6.750970298,9.32E-07,0.466471377,0.81601304,0.116264275,0.877767961,0.921961145,0.91095487,0.241568085,1.08846424,0.707677936,0.100585864,0.411854941,39512223,8870.22651,-4156.672593,11.0460782
142,0.106796906,8.834266259,1.39E-06,6.674350561,0.631117216,0.126109088,0.705781643,2.707820555,1.938240031,1.096559694,2.338023259,1.965856868,0.554158446,0.632525225,39512223,7566.744632,-4157.311467,4.059208698
143,0.235653861,13.1703709,2.26E-07,1.718096931,0.654888735,0.108033433,0.339114992,1.060897028,0.72800668,0.550074074,0.781428329,1.112884404,1.828536676,0.118218793,39512223,931.5357398,-4158.694569,22.7372387
144,0.907314608,17.02640376,4.60E-06,1.815857144,0.709846524,0.638236812,1.795350523,0.951945679,0.868438427,0.809643927,0.923857699,0.967926205,1.070231321,0.33974121,39512223,691.5708938,-4159.285091,25.05550725
145,0.171463819,22.27800949,6.74E-07,9.355335232,0.269988044,0.087146837,1.417988431,3.169117811,1.810622723,1.119118583,2.091393442,2.098512595,0.154299326,0.384332415,39512223,5373.882849,-4160.704364,1.123550748
146,0.091226333,5.636885333,8.35E-07,0.181389323,0.963169216,0.058581756,0.08156062,2.241395939,0.916283347,0.139782876,1.628865361,0.818910837,0.119947963,0.505423895,39512223,6991.951179,-4165.607545,1.533750897
147,0.459373114,7.166579403,5.85E-06,1.525017247,0.751758021,0.46580851,1.3078489,1.348394112,1.285151365,1.070219583,1.360413959,1.377527817,1.318018167,0.341853206,39512223,1868.102394,-4166.022464,50.33824617
148,0.096017768,13.49793063,8.90E-06,0.509509593,0.065937823,0.05757808,0.293011434,3.787413222,3.013469,1.429714771,3.231152751,2.831279868,0.222963442,0.62765708,39512223,11212.36563,-4168.130479,11.21145019
149,0.106518385,27.75763925,4.86E-07,0.415354566,0.466862548,0.103828785,0.179637933,2.710468853,1.533388774,0.700881126,1.971694257,1.464702712,0.204527756,0.664568196,39512223,8419.841944,-4168.182731,1.032222853
150,0.108012884,43.81972288,5.75E-06,1.814728348,0.314681859,0.061466111,0.161268436,2.496012125,1.095487956,0.555499618,1.582395336,1.297470201,0.146592061,0.469810371,39512223,6428.234467,-4168.963578,1.175666485
151,0.05972217,12.39308128,1.91E-06,1.402860222,0.235806565,3.012481909,0.112680142,4.301646394,2.82582025,1.549903085,3.661257083,3.092101461,0.430522036,0.336837698,39512223,4865.247,-4170.253103,15.14636507
152,0.213777341,17.66671092,2.15E-06,0.521959768,0.410918909,0.157165321,0.125606687,1.141530298,0.777237059,0.350877412,0.986206488,0.735171895,0.154253301,0.867257725,39512223,20931.89568,-4173.704875,2.777544412
153,0.306390755,8.61397192,1.77E-06,0.583870811,0.49796743,0.162655194,2.16215691,1.748288857,1.143459475,0.779736918,1.340320668,1.237488606,0.524680111,0.321251678,39512223,5547.231438,-4174.008358,9.188148963
154,0.131207896,7.14900359,1.13E-05,0.621577697,0.731070519,0.172756915,0.361887384,2.441587306,1.802146898,1.079758003,2.092632875,1.80039182,0.709417626,0.56082508,39512223,5586.703594,-4175.469568,1.327025459
155,0.150011414,4.999681096,1.94E-06,0.637433908,0.685808634,0.123952013,0.163888632,1.416077854,1.162288202,0.433137386,1.450795073,1.035735047,0.085005057,0.727747224,39512223,12758.65466,-4175.656641,2.184938214
156,0.104649275,7.67959942,1.82E-06,1.531689843,0.783791255,0.104513727,0.435528183,2.13085545,1.413553562,0.81780018,1.677062847,1.425743776,0.103124087,0.764183562,39512223,13089.41042,-4175.690282,4.653352519
157,0.053186353,10.71740758,2.55E-06,4.314809478,0.250102315,0.003017993,1.460476388,5.477806327,3.745557858,0.356296372,0.404633611,1.662594899,0.157607326,0.285134678,39512223,8405.573255,-4176.220125,0.391960015
158,0.317610051,22.4935607,6.57E-07,2.862715302,0.648885053,0.101481817,0.481566454,0.795880888,0.567893138,0.272420756,0.614767251,0.606351549,0.129221168,0.294424258,39512223,2411.236445,-4179.004335,2.663807586
159,0.165520386,5.296465917,6.05E-07,2.029883773,0.668490863,0.136426191,1.522381085,1.451685968,1.549760608,0.646224541,1.691730477,1.3130872,0.164192482,0.846380313,39512223,29283.99381,-4180.0438,5.697765323
160,0.079992499,4.126023795,7.80E-06,12.50098938,0.170680037,0.197283487,0.137822876,2.40583454,2.311963797,1.189649896,2.434413021,1.98562183,0.121152692,0.629433204,39512223,11077.22097,-4180.822137,0.795367259
161,0.489698273,8.665995125,6.63E-07,0.558188308,0.898617241,0.354065697,0.101112072,0.818276768,0.791137627,0.350963443,0.869880758,1.022069759,1.313861464,0.11143494,39512223,9571.308824,-4181.219506,9.792731018
162,0.057179637,2.933717468,8.70E-06,1.439038917,0.740686696,0.078476503,0.048719182,2.469543118,1.659859138,0.33090638,2.28168534,1.446237886,0.209378823,0.814533548,39512223,21435.48725,-4181.751899,1.381532356
163,0.657339075,12.53451967,2.35E-07,2.726347879,0.885725514,0.987931926,0.7876234,1.556547037,1.454617515,1.364676557,1.533417396,1.508895734,1.428355255,0.664000883,39512223,1424.141993,-4183.729272,63.72342548
164,0.365748009,9.097153012,4.16E-07,6.394100515,0.792912983,0.744186521,0.044521189,1.128226046,0.848797317,0.332583059,0.573280511,1.308117111,0.316499598,0.102497046,39512223,2172.977598,-4186.946167,11.14679087
165,0.096116321,15.94476062,9.11E-07,0.106679131,0.907615993,0.106293284,0.311673285,3.161171108,1.772012735,0.357514997,2.832231176,1.41432722,0.066999812,0.85840144,39512223,18640.24286,-4187.283129,0.616087113
166,0.088462393,4.381438959,9.60E-06,1.486689766,0.502587662,0.05206243,0.201676768,1.611346385,1.693425882,0.206852815,1.696579354,1.159164774,0.192796423,0.434200615,39512223,10630.55782,-4188.023158,0.409810402
167,0.22638815,31.75184456,9.87E-06,1.438937108,0.203942082,0.044385777,0.217643761,1.292512453,0.619585371,0.460639239,0.754239603,1.269010331,0.781639818,0.11669083,39512223,1594.955038,-4188.191492,20.59704381
168,0.100788454,4.455214437,1.60E-06,0.677890319,0.853312919,0.063378994,0.125567867,1.462924216,1.002653044,0.16917729,1.298565714,0.805638562,0.131637104,0.812766646,39512223,15987.26719,-4188.944096,6.140843585
169,0.151531733,26.81719235,1.06E-05,1.389585183,0.500406889,0.556512882,0.05011553,2.018505765,0.886338286,0.357134478,0.981280341,1.979050033,0.658313158,0.098975854,39512223,1107.405608,-4189.513696,12.24040425
170,0.057312246,4.963257718,1.45E-06,4.451977655,0.841786336,0.054852905,0.687432516,2.534943757,1.652194151,0.170889693,2.183656603,1.422671522,0.142863845,0.815035208,39512223,18668.92001,-4193.243648,2.088483651
171,0.120489209,6.961369003,6.56E-07,2.327959243,0.713667768,0.228667467,2.479995334,3.244909855,2.809371615,2.097529043,3.046077595,2.812999888,1.414827481,0.780220375,39512223,12445.77181,-4193.96316,0.50311543
172,0.346747557,13.15664947,2.92E-06,3.057598749,0.614853845,0.196036761,4.81494089,1.17956221,1.014470339,0.796759634,1.121179426,1.411712015,1.807302004,0.147056684,39512223,908.2711137,-4194.109981,37.75109656
173,0.119578525,6.185484814,1.08E-06,0.703987661,0.699588291,0.632411214,0.093629163,3.085279135,2.626352043,1.080419918,2.718896194,2.325986447,0.141136967,0.811387663,39512223,17088.35557,-4200.839575,5.826656096
174,0.074588124,22.022368,2.30E-05,0.894524179,0.835514279,0.132085332,0.788280522,3.649953281,2.39807835,1.421188192,2.865821908,2.426663403,0.465510453,0.944557542,39512223,49823.27711,-4201.701075,1.645087805
175,0.616379899,7.776183205,4.80E-07,5.150980784,0.949027734,0.368363454,0.202912322,0.73374592,0.598668942,0.510749923,0.634160867,0.638285223,0.513319242,0.492300802,39512223,3307.727506,-4201.701205,1.047054991
176,0.032926257,2.723665765,3.46E-07,4.7910659,0.768877357,0.066464514,0.532439014,4.233928812,4.135423365,0.691312693,4.408031392,3.192152553,0.549973078,0.660987845,39512223,14943.93556,-4202.266081,1.260853432
177,0.142973791,3.793037589,5.74E-07,0.449478408,0.553985039,0.110617128,0.297128003,1.710517285,1.308093868,0.610876873,1.630734886,1.341976013,0.311643738,0.437447466,39512223,4811.329229,-4203.413688,6.997374856
178,0.385653479,12.1297457,2.44E-06,1.864972902,0.539308648,0.229878512,0.444451486,0.939669408,0.830505556,0.60447088,0.897542271,0.836687056,0.522676165,0.662613063,39512223,6341.648103,-4203.931086,5.194352967
179,0.503301901,20.14155254,5.02E-06,1.990015337,0.407161547,0.637430113,0.516424425,1.262439519,1.120509697,1.008699941,1.175730276,1.176826523,1.079075881,0.502672827,39512223,2176.197462,-4204.322873,22.81721526
180,0.091201624,14.65276154,2.74E-06,4.691895306,0.694176369,0.08857754,0.155049518,2.054056826,1.396243332,0.640183559,1.72280286,1.367590829,0.268387115,0.634046695,39512223,6002.463678,-4205.527936,2.195761611
181,0.164649809,11.58793259,5.39E-06,0.483374503,0.441034778,0.046028623,1.53870867,2.289653263,1.290153205,0.626445865,0.556236595,2.778557851,34.65490538,0.06261481,39512223,7876.399369,-4205.59329,0.955595097
182,0.045945302,4.764814217,6.27E-07,0.645855105,0.896322893,0.043911386,0.830113456,3.142285322,1.750175072,0.06365516,2.52525407,1.357523987,0.258408072,0.774384569,39512223,13515.38922,-4206.114333,0.360225487
183,0.087795843,6.643821337,9.90E-07,1.471288965,0.237827362,0.078645304,0.146901739,2.260787745,1.761136231,0.820013049,1.957369362,1.620285547,0.25825253,0.87551286,39512223,27926.77184,-4206.53355,4.653159643
184,0.156717034,7.597507489,4.31E-06,18.11302056,0.339385064,0.324910567,0.095892798,1.324542149,1.015278663,0.479567365,1.109337811,0.989231094,0.10334875,0.669371274,39512223,9219.906912,-4206.850806,0.661727108
185,0.272289651,5.431073721,4.41E-06,1.153133006,0.653016347,0.484138463,1.510728309,2.496037075,2.360128558,1.960418759,2.478032173,2.320285018,1.96941232,0.928702926,39512223,30232.3247,-4207.743856,13.15170496
186,0.156264637,8.163392377,8.83E-06,0.55810742,0.601862393,0.164949399,0.63970662,2.240295609,1.727998415,1.118387667,1.960423091,1.733335404,0.457476248,0.640616785,39512223,5539.748453,-4210.643195,2.634612741
187,0.05295821,6.835803502,1.04E-05,1.105163221,0.744531835,0.081085854,1.238676013,3.951771615,2.641801641,1.245519721,3.09460977,2.514980194,0.262641206,0.614418068,39512223,6344.500679,-4211.369859,29.60481535
188,0.070208091,5.349148436,7.02E-06,0.946186705,0.204324412,0.000840176,0.775392475,4.355337949,3.034936374,0.200372746,0.25765095,1.06296297,0.034761738,0.941881774,39512223,104748.1746,-4212.35965,2.69854652
189,0.419433681,3.788128081,2.33E-05,1.374027226,0.768897531,0.26091921,0.49155929,0.800593,0.788473004,0.552041717,0.804469501,0.757574207,0.486889086,0.683347095,39512223,9650.108855,-4213.707651,2.264559309
190,0.17608202,4.817446604,1.19E-07,4.779669976,0.26557042,0.10812252,0.815845163,2.087702315,2.045924402,1.126584671,2.076947771,1.907924446,0.456412163,0.65274665,39512223,8521.502316,-4215.236156,0.791551262
191,0.526982485,3.395766911,9.82E-07,2.114635775,0.716263263,0.380677657,0.994880099,0.902161589,0.885949543,0.737417956,0.944791589,0.893445175,0.693587148,0.75600663,39512223,6188.672381,-4220.575,3.680486545
192,0.365763499,6.727706825,2.61E-06,1.470497022,0.701755163,0.580961636,0.346657813,1.535071347,1.344060275,1.159579059,1.454471155,1.424482926,1.16674183,0.538185489,39512223,2879.800495,-4221.235187,1.49699835
193,0.635194646,9.357232753,2.48E-06,0.99003783,0.678792717,0.38116025,3.338062626,0.853160328,0.895119402,0.659323498,1.003773881,0.945819747,0.808753716,0.288338533,39512223,7507.221067,-4222.766108,0.819519331
194,0.334453753,33.82032635,1.51E-05,0.666384376,0.188924709,0.032803285,1.32210298,1.804709252,1.085860243,0.280008618,0.499415822,1.832943841,0.587084485,0.090760976,39512223,2015.993283,-4225.238528,52.93203167
195,0.357574429,4.041837825,1.07E-05,1.885392304,0.826889047,0.305278702,1.172887065,1.053105324,1.062522511,0.795246974,1.136152001,1.037250724,0.685466937,0.808855358,39512223,12197.02504,-4225.272907,0.757970756
196,0.042006413,4.61005408,2.75E-06,1.718726928,0.906932956,0.055380895,0.489367147,3.263301556,2.258859229,0.201669433,2.979602233,1.880089382,0.176030628,0.571009529,39512223,5989.749398,-4226.237704,4.661867435
197,0.263206392,3.626730083,8.87E-07,0.823973681,0.384559658,1.819105482,0.181781311,1.349914856,1.135014692,0.693838304,1.366637896,1.157972879,0.404805217,0.780280863,39512223,12176.69174,-4226.625222,1.124698005
198,0.138848114,10.32916443,5.73E-06,1.723331321,0.40805366,0.456459778,0.122624175,2.092671067,1.384885823,0.872863449,1.676233606,1.469147515,0.192241191,0.795937694,39512223,12825.93715,-4227.593568,0.96636119
199,0.196475835,8.010490755,3.52E-07,0.063561967,0.59404918,0.083217532,1.13134133,2.037865374,1.208855356,0.591264879,1.309513518,0.582725517,0.110943006,0.833693725,39512223,49290.53829,-4229.176194,0.683929994
200,0.147274896,2.967897619,9.66E-07,1.125423989,0.883686359,0.23584473,0.098624357,1.769916979,1.709820147,0.909630706,1.859270882,1.529543497,0.464788038,0.776838704,39512223,17776.06583,-4229.850319,14.98237646
201,0.072648854,4.375207059,0.000197557,0.427283429,0.209371763,0.040011139,0.098908779,2.303232817,2.07030253,0.08232862,2.115953284,1.403870684,0.351563876,0.241868203,39512223,6203.653486,-4230.160412,9.734140943
202,0.239611031,13.82529552,3.36E-06,0.08976295,0.96584859,0.356359426,0.677184448,2.977100077,1.972627227,0.669183354,2.775378712,1.781792826,0.346501438,0.96649029,39512223,65949.20109,-4234.634358,1.149148694
203,0.267628991,1.702698157,1.36E-05,1.135836366,0.540398807,0.135200885,3.727507965,1.048159764,1.086975297,0.526525918,1.13578018,0.979080511,0.332954451,0.943190232,39512223,54404.83628,-4236.234462,0.43651101
204,0.330319889,24.48759452,3.81E-06,1.136484195,0.824973106,0.572931816,0.292609814,1.911526404,1.557485947,1.364991352,1.675929612,1.769175313,1.759856659,0.321640274,39512223,1613.190258,-4239.231062,11.09881453
205,0.107343721,13.41125045,5.47E-07,0.494285158,0.504195258,0.078750464,0.696812165,2.730473276,1.699911112,0.520238401,2.060689666,1.63198026,0.062259742,0.817890604,39512223,18118.50797,-4241.395711,0.830836121
206,0.155305136,8.06643179,5.87E-07,1.227668859,0.500862183,0.092078304,0.406585767,1.780753506,1.342910772,0.614544737,1.513401112,1.875001085,1.02667988,0.114095002,39512223,3686.424192,-4243.199527,0.851033169
207,0.530760329,5.581495727,1.12E-06,1.791759955,0.684223466,0.582350814,1.484715321,1.402585413,1.300939791,1.183007289,1.397454108,1.376931495,1.248377135,0.610382498,39512223,2818.334869,-4246.281823,5.984930568
208,0.201431719,7.80291058,2.25E-06,1.41328918,0.877883504,0.147519419,1.895854498,1.233362399,0.994012179,0.515526054,1.145252727,0.967463378,0.366257828,0.687646801,39512223,7511.340851,-4251.196235,1.58714495
209,0.205109993,3.390711423,5.83E-06,4.000171446,0.821464644,0.20109576,0.098782845,1.012272719,1.112754707,0.52895958,1.052448244,0.892213341,0.245652092,0.848577714,39512223,32855.14445,-4253.017025,1.768224224
210,0.849385927,5.507442502,9.61E-07,8.916572861,0.820008163,0.77760871,1.364906444,0.91539589,0.943711557,0.891937207,1.002384258,1.048893229,1.109716203,0.450246448,39512223,720.5141739,-4261.98732,7.910375321
211,0.415998781,6.630516806,6.68E-07,3.758968424,0.731393759,0.200069452,0.613012338,0.73568909,0.649264722,0.457829064,0.688337724,0.641489633,0.324528249,0.826436517,39512223,10098.33437,-4269.029681,8.276660544
212,0.082253454,3.80363736,3.47E-06,3.071125687,0.515555654,0.127287981,1.82574369,3.662161103,3.251354725,1.965148867,3.537231466,3.311163518,0.7817597,0.739973242,39512223,9602.012694,-4270.623745,1.835589927
213,0.452671572,1.741997564,4.13E-06,3.186222704,0.551098827,0.632058147,1.733920954,1.386686511,1.636345609,1.421876555,1.688998506,1.630531779,1.563522656,0.754861183,39512223,7937.297816,-4277.213291,5.561112349
214,0.096109922,3.846194318,1.78E-05,3.897550551,0.325058649,0.085553902,0.555320695,2.492266456,2.962751525,0.807225852,2.899727528,2.273818332,0.086694785,0.640604693,39512223,14989.06924,-4277.346608,20.19843195
215,0.328967264,12.50054981,1.04E-06,1.073548313,0.591582847,0.450569494,1.264148171,2.067502172,1.934836379,1.615303426,2.027238659,2.001930684,1.776893988,0.510007034,39512223,2314.829367,-4279.36339,16.35473519
216,0.125589579,2.352572849,3.92E-06,1.892568178,0.624914474,0.175016144,1.090282819,2.267491916,2.390452275,1.500735856,2.359388817,2.290206214,0.906259261,0.755684994,39512223,12706.96144,-4292.510466,9.523272672
217,0.063249491,2.556555819,3.07E-06,1.062350035,0.764957302,0.139022408,0.1298627,2.476640362,3.23943648,0.854275052,3.854895243,2.360027727,0.37993064,0.623069188,39512223,21671.16458,-4293.502662,1.296671364
218,0.247556608,10.15027892,4.24E-06,2.829257237,0.897180572,0.603742044,0.241811471,2.58656876,2.159884896,1.957793177,2.336263405,2.273425808,2.077945324,0.543898931,39512223,2629.449327,-4297.200452,8.752709343
219,0.110895876,3.150428476,3.56E-06,1.300746826,0.628443938,0.071509998,1.225521788,1.742335127,1.387517603,0.465504253,1.522301771,1.300076479,0.19929665,0.716867823,39512223,8585.620187,-4297.954858,0.470424454
220,0.282617732,6.383611372,2.44E-06,5.127566518,0.723371311,0.337785616,1.453321098,1.581093579,1.719062625,1.378958435,1.775636791,1.944453883,2.176760847,0.215471829,39512223,3317.350095,-4307.905675,1.449844113
221,0.858707865,5.533687509,5.76E-06,2.910348444,0.854577744,0.706554169,0.661812322,0.714138597,0.820526968,0.717301559,0.860756649,0.898490148,0.958099702,0.374578012,39512223,1845.910277,-4308.905117,9.332713456
222,0.300652228,3.00673108,2.29E-07,0.718085049,0.698644084,0.277088579,1.359774225,1.422053083,1.288953911,0.946699893,1.382234089,1.298770922,0.713566605,0.850394933,39512223,13000.31046,-4309.637527,18.36984743
223,0.493825759,3.554372936,2.46E-06,2.548300865,0.774011753,0.470497144,10.69525619,1.17484464,1.232202867,1.041270837,1.250788772,1.290644613,1.205883419,0.431192002,39512223,5318.127011,-4317.227643,0.805825898
224,0.053378739,4.80873464,8.17E-07,14.90933369,0.746832896,0.239316842,0.00545504,3.016400543,2.441327214,0.314814304,0.967549677,1.89505271,0.180123187,0.126801984,39512223,85601.15615,-4319.354695,0.497183741
225,0.193677569,5.722660344,1.16E-05,1.431627976,0.506899105,0.129407506,0.972271673,1.522526072,1.326078893,0.857494965,1.38904206,1.352110778,0.557554362,0.891849868,39512223,30105.76027,-4320.327583,2.096240558
226,0.408222915,2.225085257,4.53E-07,0.011488464,0.172283808,0.014575235,0.542321168,3.086347657,1.611435892,0.210597429,1.01570681,0.477240166,0.206162083,0.579784825,39512223,35565.54224,-4320.974603,0.189149779
227,0.488238483,15.40167021,3.48E-06,3.216982581,0.208038145,0.451732064,0.575011269,1.31807602,1.036756697,1.020460639,1.170369411,1.155856312,1.181959116,0.432579699,39512223,2229.498616,-4323.961077,9.134559878
228,0.113191602,16.1082191,5.84E-08,3.282560821,0.574064124,0.081268061,0.232682774,1.850688152,1.2038195,0.538670247,1.437291303,1.260264211,0.193648548,0.83517361,39512223,13856.36454,-4327.07065,0.854651114
229,0.191337353,25.1279367,5.72E-06,6.512715033,0.619355997,0.162034662,0.773292727,1.836097015,1.292707717,0.951031215,1.464853031,1.406536501,0.654761396,0.652120491,39512223,5657.072509,-4331.318771,5.649307837
230,0.167172743,29.4601509,1.13E-06,4.756779477,0.621347908,0.168385054,1.089926644,2.115617524,1.634139096,1.159808091,1.760781609,1.739956162,0.689981154,0.824048645,39512223,12861.27419,-4339.334702,3.864260862
231,0.037369323,6.534899007,1.68E-05,2.380902736,0.887130815,0.091271187,1.187884347,5.140971769,3.493267904,1.463188996,4.130670643,3.513332215,0.365623795,0.872109199,39512223,18162.68801,-4343.94526,1.531788676
232,0.131555747,5.923084127,1.47E-06,3.353876663,0.748233668,0.127919502,0.104325373,1.326890777,1.382122299,0.557460232,1.436781327,2.083741067,3.587823008,0.0889893,39512223,6525.311732,-4344.715728,8.130149562
233,0.299809612,4.473585683,6.34E-07,0.912970266,0.669041222,0.285840216,0.880891278,1.149380211,1.407669079,0.92357377,1.445210737,1.289641143,0.75669663,0.856090692,39512223,19928.90817,-4346.45529,14.53590607
234,0.122792037,5.172786976,1.75E-06,2.371377544,0.742972866,0.184600465,5.295532421,2.53480379,2.363608006,1.482252681,2.449443663,2.281038443,0.801821872,0.893303842,39512223,19763.24856,-4346.981492,1.336420275
235,0.323034109,3.5753763,1.34E-07,2.847814721,0.615545012,0.203484989,3.283976974,1.051711869,1.11502177,0.733751537,1.144879076,1.111204475,0.569379804,0.525560791,39512223,4828.081072,-4365.22974,17.46110676
236,0.642476419,13.34057997,1.30E-06,2.447628004,0.151384635,0.203273618,1.171077101,1.209342327,1.023944511,0.881952502,1.078988559,1.092145357,0.847183521,0.548409465,39512223,2415.782715,-4370.243616,2.731025564
237,0.060809785,0.773783225,2.64E-06,2.058288666,0.712344088,0.400591579,0.003649405,1.441598022,2.563869837,0.189892006,0.58779573,1.34232605,0.410987082,0.538578075,39512223,69210.13114,-4384.41179,1.373955669
238,0.065507937,4.205536505,5.77E-07,1.942192783,0.228493267,0.154915769,0.176384731,2.77845138,3.456635635,1.564705996,3.661811152,3.062956957,1.133532105,0.343347639,39512223,9242.813001,-4387.972115,15.05217875
239,0.042432457,6.655932744,5.76E-06,0.666834525,0.692002638,0.10204904,2.403499743,6.120392384,4.06063434,2.2139491,4.842349063,4.381701558,0.453206572,0.950822972,39512223,45931.80183,-4390.201933,7.974219077
240,0.441673777,4.99679364,1.27E-06,5.713810208,0.635224962,0.526804314,0.824518439,1.362150905,1.347115799,1.224831212,1.409007059,1.382603458,1.265256956,0.665907174,39512223,1926.915293,-4392.445432,7.773760916
241,0.057678695,2.713367445,3.73E-07,2.899288484,0.516241582,0.059604636,0.560742275,1.982975464,2.788820041,0.286652309,3.729770639,1.908738646,0.266423072,0.50884071,39512223,631306.5574,-4394.63348,0.121129017
242,0.299342851,4.76938597,3.23E-05,0.330322563,0.423415761,0.134938046,0.511161829,0.99394966,1.142241273,0.342576413,1.193031063,0.871374579,0.155870302,0.82960737,39512223,25049.67513,-4394.839688,1.681254889
243,0.13287146,7.943968539,5.46E-07,1.129951117,0.953595441,0.222134505,1.752434997,2.116715659,2.231576182,1.429785306,2.378594911,2.795640888,3.692659202,0.142446096,39512223,1979.13176,-4405.097701,42.78672957
244,0.262888366,3.88714434,2.28E-07,1.072798095,0.445024795,1.119445028,0.359774955,2.054271858,1.894289121,1.592947172,2.092631595,2.110947912,1.864879519,0.373110626,39512223,1942.089555,-4407.834901,12.97811885
245,0.208942897,9.069280031,1.73E-06,4.911906108,0.40418791,0.459096599,0.18616521,1.511626932,1.349998356,0.96895123,1.392146425,1.387309368,1.115996654,0.334721481,39512223,1835.550672,-4410.608038,11.38137971
246,0.130211655,8.79012304,1.03E-05,5.829412117,0.537625383,0.177465236,0.723221885,2.811216157,2.269957738,1.783814383,2.429729659,2.599049737,1.849495684,0.309031035,39512223,1873.335885,-4415.460713,6.00556381
247,0.774667364,13.56746804,7.45E-06,3.352173659,0.648795715,0.545760091,0.325847472,0.680186028,0.576368988,0.493102914,0.59860745,0.590649032,0.477056625,0.813399305,39512223,7020.676018,-4419.863228,2.52935121
248,0.046815544,47.50447276,6.18E-06,0.542430552,0.252437977,0.002774798,10.74145159,15.60064921,2.692883586,0.721160099,0.695916886,4.677244357,0.640090073,0.110855399,39512223,1781.840174,-4433.001045,41.04170819
249,0.374971989,7.134855487,6.12E-06,2.10837959,0.271109717,0.126222785,0.515651214,1.041795446,0.801776651,0.626395637,0.830995124,0.930681828,0.523751722,0.33334143,39512223,1877.629633,-4442.73349,6.711118109
250,0.218193475,3.725788807,2.17E-06,3.331547357,0.741695907,0.240217409,1.723482951,1.795326447,1.489962222,1.149773116,1.636796337,1.623323871,1.184869056,0.483077621,39512223,2655.386625,-4453.190608,2.957902525
251,0.486592997,5.040726176,5.95E-05,2.768943219,0.628393867,0.552681332,1.274695889,1.359366355,1.382942017,1.2762004,1.448651949,1.396039576,1.350212415,0.740228737,39512223,3834.847291,-4502.830408,15.35948236
252,0.944975291,9.679582591,3.85E-07,2.596192777,0.566629706,0.967643655,1.137846302,1.022848068,0.987204698,0.944059258,1.06207332,1.058602765,1.078761994,0.65824124,39512223,1434.656151,-4521.532788,4.551268334
253,0.63168911,59.03662402,2.69E-06,9.90328836,0.817775445,0.464387917,4.941722549,1.017701953,0.927605539,0.861101498,0.99335095,1.085367045,1.217254548,0.264940873,39512223,798.1245442,-4525.289534,36.53201957
254,0.324224047,15.29973915,8.03E-07,0.571320557,0.791349282,0.798012892,0.037632623,1.516053435,0.985762445,0.261608562,0.675927089,1.517137333,0.174358322,0.098104099,39512223,1887.253722,-4532.568702,23.14458992
255,0.083315928,4.521302446,1.31E-06,0.90451046,0.500507013,3.830668552,0.049022961,2.755720207,1.838938299,1.631308217,1.719347396,1.203101901,0.260563067,0.677356736,39512223,205839.5643,-4534.149926,20.86296995
256,0.09543149,4.215365462,5.31E-07,2.600486105,0.748325433,0.68588567,0.024709088,2.462620447,2.950702132,0.568499521,0.971425172,4.171799411,0.287233712,0.085515175,39512223,3898.623537,-4536.610917,50.75196004
257,1.420451763,12.23297909,1.30E-06,1.468987918,0.543528248,0.56066045,3.057258507,0.655999838,0.598895096,0.519606147,0.632524995,0.638175765,0.620282866,0.486826141,39512223,1897.834478,-4543.065416,6.090790497
258,0.11965593,19.52666708,2.69E-06,0.629560465,0.499141326,0.039686125,4.106385449,3.03892991,1.336635513,0.410746776,1.079819765,2.724927406,0.117339204,0.092995803,39512223,1048.152546,-4549.592654,6.871925086
259,0.209722763,11.66881351,1.34E-06,2.274343042,0.677511389,0.365604808,0.476707446,2.382034608,1.931217749,1.669127669,2.014233141,2.051241211,1.560448142,0.751856797,39512223,6395.006374,-4555.497381,5.452613463
260,0.221388352,28.99630416,3.27E-06,0.424750782,0.249385787,0.053361234,1.341727705,3.025637409,1.266782575,0.643347026,1.288814038,2.691392089,1.831371906,0.09745224,39512223,1042.621151,-4557.636227,11.4793609
261,0.837298617,8.630859415,9.08E-07,2.594531616,0.572219978,0.510144884,0.869830632,0.806761509,0.7286955,0.652466355,0.761916622,0.764415486,0.75204728,0.509677347,39512223,1327.303719,-4584.455312,13.68756972
262,0.517098827,14.80989452,1.53E-06,0.527828382,0.184483191,2.272554588,0.618787258,1.547294001,1.307406951,1.068726496,1.477515887,1.401628766,0.948847555,0.866283698,39512223,11324.95551,-4585.410574,53.93840976
263,0.329042288,13.15139449,1.11E-06,4.812601557,0.891155243,0.097931451,0.217631633,0.530459955,0.415598339,0.970613014,1.376854093,12.71593734,2.628967008,0.197173302,39512223,105890.8402,-4609.408041,2.013636378
264,0.558650102,5.51622049,1.47E-06,4.561399956,0.755255075,0.68517587,0.711752822,1.311472038,1.215789139,1.098711817,1.281117765,1.218926672,1.225631931,0.79249101,39512223,3880.482389,-4631.431616,2.380615596
265,0.02425858,5.958489339,1.66E-06,3.310762553,0.660657379,0.038890422,0.031770392,2.159619258,2.225415328,0.350138828,4.716061008,0.228459675,3.192614096,0.457531608,39512223,13441036.98,-4631.828419,2.731867473
266,0.264735897,3.572251077,1.47E-06,1.934138929,0.613038605,0.516546639,1.074109455,2.093259186,2.484981389,2.196519786,2.628651011,2.677945618,2.92501959,0.310394308,39512223,1579.891293,-4658.121771,26.78103301
267,0.833704707,8.034141171,1.44E-05,2.927839926,0.899190907,0.687473772,0.753892601,0.896272312,0.85035117,0.767799996,0.876343757,0.857472715,0.816762917,0.641369823,39512223,2239.745084,-4661.272424,0.888592688
268,0.178754421,5.742247072,1.35E-06,2.953319526,0.846065284,0.42287557,2.339218428,3.005967595,2.863463606,2.465857016,2.858101819,2.85269538,2.503253661,0.705095023,39512223,4594.869842,-4706.469448,0.994295046
269,0.237718931,5.465869777,5.09E-07,12.41679408,0.964646996,0.416186438,2.057494323,2.033595291,1.838248725,1.652779323,1.971854993,1.959221435,1.924066183,0.506184698,39512223,1856.407337,-4720.767832,2.877232928
270,0.439756239,12.89331105,8.38E-07,2.297452073,0.231134025,0.527376656,0.765193644,1.588383416,1.479080741,1.371809136,1.562218873,1.584978323,1.577518483,0.499682921,39512223,1537.911624,-4762.517275,1.160602806
271,0.030433348,0.484526832,5.39E-07,10.58791824,0.203392328,0.003560126,1.396278278,2.796898498,7.788589964,0.479367807,1.410369405,2.750008163,0.192432391,0.503825426,39512223,20614.61755,-4808.876579,5.582549554
272,1.03188595,10.86541459,1.52E-06,7.303221021,0.462015692,1.506579265,0.53151323,0.74362626,0.712844626,0.626803574,0.715299721,0.718031347,0.683564146,0.736458481,39512223,3154.784029,-4813.263144,2.153891319
273,0.528346074,6.591906458,7.48E-06,2.390656765,0.633142661,0.946553673,0.699680977,1.600302189,1.510332583,1.402530695,1.58416442,1.587330033,1.696110745,0.481278102,39512223,1364.908938,-4824.758875,37.62490028
274,0.212988276,3.233746401,6.04E-06,0.877065415,0.498808121,5.355425724,0.099725421,1.63522677,1.299924147,0.45509001,1.443277612,1.363685083,0.2336679,0.177651919,39512223,4728.520824,-4831.577031,352.9809264
275,0.352195724,13.50123821,6.72E-05,2.506509363,0.363900188,0.11921723,0.076471934,0.49803113,0.323398355,0.284496961,0.550015078,1.74985808,1.001127955,0.204059473,39512223,15286.61793,-4885.035905,0.769238914
276,0.05566402,6.288942336,1.51E-06,1.736003043,0.187414469,0.001744878,3.006052787,5.496530981,7.162966438,0.75384913,0.640643473,4.231923344,0.23051987,0.116891795,39512223,6183.73139,-4915.148472,43.30539933
277,0.436833932,9.127859221,7.71E-07,2.925504474,0.845612385,0.568128939,0.944392229,1.53120514,1.409225089,1.344195929,1.511136163,1.503961141,1.714900378,0.372948473,39512223,1023.553637,-4945.521277,9.09857243
278,0.487321307,17.10297232,1.09E-06,2.420466218,0.710028447,0.573032764,0.934796754,1.434587828,1.305137387,1.234232928,1.359978133,1.376973598,1.320557708,0.608112051,39512223,1616.022634,-4964.865309,33.84642514
279,0.237739786,18.39402176,8.43E-07,10.73440142,0.617617982,0.188011472,0.819747174,1.550653495,1.345338104,1.00117549,1.511593937,1.74701134,2.180292153,0.156536623,39512223,755.496084,-5118.548059,4.404980683
280,0.15315199,6.899229722,6.22E-06,4.095885703,0.697475177,0.647475061,0.308099304,3.761913511,3.176450597,2.94683813,3.322599684,3.385637639,3.129069889,0.526108772,39512223,1613.654145,-5137.387619,33.83699989
281,0.324210132,44.49275933,6.25E-07,5.91500797,0.316015124,0.218359065,0.201861875,1.067267706,0.710480632,0.630326897,0.871389848,1.050417289,1.286649951,0.152222968,39512223,1066.88598,-5138.756433,4.454145414
282,0.512515455,12.62002984,9.65E-06,1.64914403,0.421471071,0.741164801,1.093302508,1.865775925,1.711751354,1.567975876,1.754897547,1.706597992,1.659372387,0.717494987,39512223,3215.359278,-5195.983049,96.22831802
283,1.195434079,23.54908434,1.90E-06,4.055617352,0.587317909,0.197552571,0.069457031,0.232023673,0.241764607,1.010693958,1.399760224,3.597639867,1.270666855,0.229605277,39512223,16004.81225,-5374.653387,8.822793216
284,0.482650205,18.24373285,2.37E-06,3.097928569,0.93965218,0.642272604,3.540442189,1.588148949,1.431829275,1.350072786,1.496502806,1.534228498,1.681298122,0.403954316,39512223,838.6734039,-5431.28441,20.778098
285,0.235725261,20.61009278,5.12E-06,0.747697104,0.110986569,0.10715974,0.383753907,1.688420287,1.605025336,1.056925311,1.573909933,1.818676295,3.34237797,0.14982518,39512223,1286.968275,-5958.56385,5.031216164
286,0.970351801,23.29669101,2.15E-06,4.164054646,0.193903611,0.043473543,0.226289301,0.268802827,0.273180874,0.823918805,1.28331497,6.498087775,1.689429943,0.228528765,39512223,31701.2529,-6515.922334,105.007901
287,0.4562933,51.33291532,3.32E-06,1.423501013,0.915292935,0.195056402,0.037867789,0.958847411,0.999382915,2.359922812,5.200165669,7.188034571,4.193166536,0.229719444,39512223,18256.18341,-7996.302398,1.677232201
288,0.012178531,1.420393655,1.05E-06,1.408640074,0.872834332,0.191481577,0.006604532,9.95243478,3.740015499,0.042378105,0.789725959,1.161434017,0.276109361,0.835277549,39512223,59883.95531,-9061.093733,31.5405382
289,0.496091372,1.810150239,2.54E-06,4.563597626,0.518265914,0.465222899,1.068939104,0.769645283,1.268652029,1.154668638,1.108844179,0.983416804,1.035629096,0.696047076,39512223,2476.618903,-9095.378805,367.8693853
290,0.041133062,0.000503671,1.94E-05,8.66E-07,0.919727792,0.16033617,0.001019905,47.62840166,3.104755914,0.181528496,0.320933406,0.461987359,0.403233128,0.09881611,39512223,2478.235743,-9380.634069,0.237123577
291,0.188205547,1.936341515,1.59E-07,4.14E-05,0.50151765,0.11734655,2.05333444,86.52312387,13.18430393,1.412446712,15.2711409,5.056550002,2.573630431,0.635190292,39512223,20720.84908,-9440.572372,50.68460514
292,0.79791569,59.54907043,1.80E-05,0.87806725,0.649294496,1.219650657,2.933262034,1.855947814,1.808196289,1.777838939,2.048567185,2.310627309,2.577778456,0.261385956,39512223,563.6026035,-10360.71883,80.7640044
293,0.031244404,30.29230864,1.03E-06,0.07605827,0.50185374,0.000563006,1.914161713,23.46648997,2.119247636,0.13581647,0.563326924,4.481803851,0.37883232,0.161776736,39512223,1517.652068,-14270.5713,181.5494412
294,0.283696234,19.41213239,5.28E-07,1.349249622,0.502349674,0.179890524,0.840856186,1.725196365,1.144912262,0.983051052,1.403871192,1.719816495,2.301070696,0.144636333,39512223,814.805785,-15718.64487,NA
