"","Beta","mu_IR","mu_ID","mu_EI","alpha","mu_AR","mu_PI","c_1","c_2","c_3","c_4","c_5","c_6","rho","N","tau","loglik","loglik.se"
"1",0.165215759919712,10.5867503669707,1.57421283440111e-07,3.92791611129115,0.692788851396678,0.100746917724212,2.48530932174509,1.8686144055889,1.02469892603111,0.769365638386848,1.28034461913799,2.02307654950568,2.93679497741534,0.109671634557181,39512223,1121.13868286794,-3801.51273577337,1.04960296993565
"2",0.194579011946644,13.7600980944455,2.30514253843061e-06,0.700929575086875,0.678467831572147,0.143642046432591,1.02436751001666,1.93581016730483,1.21771459448649,0.885186563045419,1.5024332087352,2.07896585077004,3.40492389518291,0.116704901812651,39512223,1015.88918692137,-3804.80474712566,6.4856668276964
"3",0.0641019455206205,6.5862945916025,4.78467456022426e-07,1.19320581790778,0.68857468558089,0.0508101334012344,1.38536980435195,3.75067790857934,1.60062905787213,0.633148653002997,2.05556981785714,4.07075061203808,0.900986818755988,0.0985863895636908,39512223,974.19324402883,-3805.98192017158,1.02068492569893
"4",0.206254179481114,7.03825810975708,9.74992051146987e-06,3.88001269155925,0.371918552001185,2.77662062264158,0.221440295187354,2.24593115467846,1.76723562515448,1.53648352333974,2.00604597808894,2.4917293864219,3.27953557526309,0.150051884628098,39512223,1431.02016464844,-3808.39376031765,1.62733581388149
"5",0.200197037492608,6.58134419906567,8.24070861462093e-07,1.01372868435341,0.387522809277696,0.46223977412867,0.169542880704065,1.79267738343335,1.25288447501147,1.02252322913302,1.50407162716305,1.92038839657765,2.62954808830648,0.136703845007094,39512223,768.53168303147,-3810.72802260748,3.53176550608837
"6",0.0991343495730627,6.63821625070321,6.16050428542538e-07,4.38538518141879,0.593560757415331,0.0517024824777919,0.442801435094327,2.36910579295575,1.09632700881288,0.58986144844629,1.34398153423727,2.6751845739039,0.328400200614321,0.100400275561396,39512223,1013.00997483943,-3816.13155895587,0.344807167366396
"7",0.0532227022459695,8.66252591782634,4.8323979580338e-07,1.01577263542137,0.628313520540309,0.0438709596423402,1.18284471742388,4.74681684265712,1.82288461869809,0.589074167073048,2.46671028079733,5.2617709868654,0.352057395240367,0.0950514005463055,39512223,1227.06259554736,-3817.02172083351,0.537602127033174
"8",0.153503654576293,5.5201689020125,5.41632512934461e-06,1.4514554140946,0.618065984984651,0.0493067847452957,0.899488121883502,1.56185807990025,0.764338092286279,0.250858069348454,0.850982867053943,1.79453887718337,0.149755707086932,0.0958727472882293,39512223,998.659861983776,-3819.76930144555,0.437805913646241
"9",0.110734670280493,6.13171067065787,5.16747440853879e-07,3.9334088885911,0.755208296593644,0.0784095331674784,0.152703905131467,1.86718349069619,0.972384932271717,0.654377908374607,1.30675741337735,2.1035108213269,3.18859729385387,0.100322793139707,39512223,1069.52651658426,-3821.10257744386,25.0838375961665
"10",0.0490829114666927,2.41719317161191,1.23380430490252e-06,1.90899305860049,0.775213290059953,0.0509783539807705,0.96995747522707,4.0642733679446,1.82059759378182,0.82727591267841,2.38985720850061,4.82996580737605,0.605255928327888,0.0967089046923106,39512223,972.428300732068,-3825.86443866629,14.0463263929132
"11",0.241874914219374,10.1992315381904,2.50213864036283e-06,2.20634432398526,0.547715342896501,0.11308244021048,0.647228357258398,1.35316022019203,0.849305250536797,0.679207027672383,1.05441705028739,1.48025349350983,2.11676417504319,0.118601112295184,39512223,1100.77607669453,-3826.60030115572,14.3833857581755
"12",0.226894905089227,4.96530850979484,3.45451762168608e-06,1.2909261286033,0.883517265779495,0.368854734702731,1.14715464462942,2.28612084230904,1.86895862388204,1.72229922351977,2.10450473991237,2.49039592796194,3.09235406101776,0.187852337418444,39512223,809.377257174595,-3827.47987009763,2.02918349596131
"13",0.0595339785286785,2.43226156855926,7.72006604311232e-06,0.289347928072161,0.138516231992566,0.129671881884402,0.0456616873778838,3.63380826856336,1.17342218516419,0.287400173087004,2.06077033120946,4.20960087771104,0.378707217174226,0.0889912909145049,39512223,970.265295206789,-3827.81357552658,2.41502855930949
"14",0.114300342110369,8.0631367147977,3.30571385687295e-06,2.07591790143993,0.213778000544628,0.239568462279043,0.0576617654836148,1.84496147246593,0.761201621524478,0.468382816353178,1.0466935069423,2.11584669167559,1.7492636195031,0.0994710990368851,39512223,1266.62521016154,-3828.49644565855,0.348560906435879
"15",0.0793986158280217,3.01083042511941,1.93629277656583e-07,3.17614366171776,0.809648358238976,0.0525867818387018,0.412991322195019,2.51433699195782,1.00229432627091,0.576802471624743,1.44707908595442,2.82853763296957,0.566017751389276,0.0997562295811437,39512223,920.402672723693,-3829.47547672484,2.41102362778442
"16",0.0297527100415036,7.34427028053793,7.06888629842791e-06,1.8440619240942,0.923079042668495,0.0490801700080114,2.02809567591653,6.46413065841889,2.47280754785807,1.05785905692053,3.44864628585945,7.0848286433244,1.49136989117658,0.0922209517747861,39512223,934.108621360328,-3831.72568204221,1.20994963888801
"17",0.416948346442518,2.76743029628677,2.70944533632509e-06,2.57842024211146,0.90024157001279,0.261439783084118,1.59779593515768,0.930544670983232,0.745226263452578,0.63842372580086,0.843783042133952,1.00026435806628,1.23281051621041,0.17445422210528,39512223,743.012951937847,-3831.81089786467,2.93475610334824
"18",0.163097170765838,4.55598387872545,7.09384437523127e-06,0.290021972674095,0.296900465975487,0.0623567114909199,0.0487527001227264,1.43046915956993,0.439041246186409,0.15584046136304,0.725551252802314,1.50664266650643,4.08277132174881,0.0911983063411383,39512223,1024.57545536169,-3835.17366799797,0.72516094387622
"19",0.648453560365803,9.93177466691486,2.62563576401499e-06,1.20520618535679,0.551893631399701,0.722539211807056,0.529727514345821,1.18106366271143,0.954369243089504,0.91254388838122,1.08232916264294,1.18317928284729,1.34270556891881,0.237550189426954,39512223,1793.23018261166,-3835.50559958193,2.94692577582185
"20",0.171810625718747,29.6713202296095,2.80521423959167e-06,1.4998068696202,0.590594508393852,0.105475224088669,0.458260846697691,1.68327873072956,1.12111647733334,0.696768544863357,1.36579460780953,1.90763055919456,2.93712832744809,0.115341161670387,39512223,817.52595393002,-3835.96826557688,17.6549245755652
"21",0.1080440730876,2.72900644360634,4.45941275212201e-06,0.392243360908839,0.878034317259067,0.0439137424249717,0.346778275691807,1.8873757644792,0.738622647664405,0.0232013245965014,1.10635521702254,2.3746994553358,0.481128206345528,0.093167774554239,39512223,976.816359221066,-3837.42906997757,1.28229898002762
"22",0.388284367729599,3.53115773895576,3.98413911415902e-06,1.51098330644496,0.913713147657852,0.313076401483917,0.162126023624431,1.07885094215829,0.806868981239541,0.709799293180257,0.955259231316171,1.13653668696817,1.41531343263817,0.167292774694652,39512223,740.713004124114,-3837.66593997314,2.41767628227817
"23",0.103966393547832,6.35380203826823,8.81732923034975e-07,0.333485291583614,0.751238460270062,0.0494135787964987,0.341719537663375,2.40642174470179,0.918295673896502,0.335151915584435,1.18648905630792,2.671841728856,0.254928688333702,0.0920399665549208,39512223,912.891912279275,-3838.24094405718,0.7756981561579
"24",0.0485959928975047,4.08547688033379,5.54300787821591e-06,3.3645079490206,0.232541373355981,0.0596590726131719,0.0417399680071475,3.44074337755201,1.25455121262398,0.18695276880548,2.14492444826914,4.22655235532045,0.164122534698335,0.0958258228500918,39512223,1114.50218539143,-3838.25820909632,10.5427833105266
"25",0.25626759775287,57.1658370661793,1.24725965499935e-06,4.83209031339903,0.720607019128531,2.8414124044495,0.0429996927178956,2.26266907145401,0.835365737809889,0.47428621793543,0.75966437368472,1.98100384164472,1.04014015474162,0.0955875222947544,39512223,1178.44641198058,-3838.83129818763,0.713759180413472
"26",0.332351962471943,11.2683530313527,4.58923959776067e-06,0.206228084220528,0.748971504168708,0.992901162171241,0.0525470485939212,2.34135782756896,0.726235763567171,0.300620503070834,1.01905298443767,1.87377323186387,2.69725557659542,0.092532037261099,39512223,1175.16487984453,-3845.90378074564,2.68655361943879
"27",0.185727561464364,3.09070154285518,2.0800600075509e-06,1.82368252166403,0.665562914900825,0.043901174438007,0.312605257869759,1.06815807932477,0.521493205708006,0.0616128645177855,0.63645889836606,1.27686548888604,0.448166708003703,0.092382857297369,39512223,1066.80093638544,-3847.65637289703,0.570289358310051
"28",0.268397454704426,3.38958264557444,3.1172424497224e-06,0.277400409607018,0.793541036810306,0.490976687612245,0.284270118223265,2.72696858916778,1.76434751039104,1.3958688733622,2.19474105109161,2.72199961369391,3.97143932442175,0.131455475317515,39512223,1225.09938075992,-3848.45464043547,1.09398181242161
"29",0.253215232502439,14.9254673550351,1.3428680799769e-06,0.582339159737416,0.719361523071048,0.819058868283331,0.0393638720608704,2.1399925995621,0.683098242080655,0.427012508389018,0.675841809758267,1.8486798885903,0.472735829901338,0.098050026255869,39512223,1133.71683643077,-3848.59435341184,0.447971727768887
"30",0.208094479467458,11.7467166189761,2.15931764027776e-07,2.77868200287339,0.306273787858004,0.0473864165842242,1.80205096578185,2.46773276439165,0.951837428878817,0.501080303913328,0.990929626891132,2.26209934606127,1.5207911179895,0.0918069445408068,39512223,1873.71793559262,-3850.40122534869,0.532123223140014
"31",0.0974501775547552,6.06890747243682,7.27998427926866e-07,0.0945113112310326,0.863505526139458,0.0844643412189124,0.0175875767938433,4.61069941804097,0.845253585524087,0.325676779476689,1.30651906337735,4.31915066039059,0.136770090265772,0.0943504148921139,39512223,966.812660788005,-3854.72973896786,1.26129603205505
"32",0.701592496438504,18.3021964590412,1.81799018148784e-06,0.199931520066129,0.270003514269719,0.0573442596803797,2.82724897955069,1.37667156088483,0.361808047469383,0.188015639070427,0.469631646123871,1.19394910986062,2.61680622818935,0.0937422547781109,39512223,1266.61229496145,-3855.02237691258,1.94985719854124
"33",0.0867999110139706,4.61567719328062,3.41588438414172e-06,0.846023259357273,0.703730255207203,0.387438323504814,0.0399116125172111,4.25482322579192,1.86391654712881,0.739282961909331,2.01271641226925,4.06016647486667,0.522693827478586,0.0988705279439582,39512223,1210.49534105397,-3855.92342416953,0.988067560357714
"34",0.141003473250527,4.55128875155942,1.09790197748591e-06,0.831169224658529,0.91898080416916,0.0451708875717251,1.87017352163945,1.45529934622442,0.485134948284894,0.142608642095772,0.69924175070955,1.69373352314186,0.310333743070572,0.0922947755733064,39512223,940.97612575271,-3856.25022826546,11.8989350051828
"35",0.323884156748234,5.57124352090704,1.6926716098165e-06,1.19011606776675,0.285274076885849,0.670995299181353,0.4400946999028,1.84057415996743,1.49776861133391,1.41968960955951,1.71325029413558,1.91611519511346,2.26453015606136,0.211932140920217,39512223,971.433531507409,-3856.56574815545,6.72883610857767
"36",0.106707547232013,10.5236291462969,8.31944575870288e-07,1.12743498205859,0.135755717063839,0.76544345401796,0.056508182493466,1.95735119061486,0.742109286262511,0.606798683962633,0.981328307280637,2.27434292852062,5.32872456167453,0.0986814887755575,39512223,1506.7251079566,-3856.62505327856,37.0208717926568
"37",0.347741478505133,17.3398863742081,1.58145778105352e-06,0.146234474464364,0.735548403180613,0.434844257784135,0.0995409650706875,2.0549001047454,0.862227664081066,0.541558712480755,1.10674772329923,1.97761130147371,4.24199369898336,0.0976718987929024,39512223,971.591317520433,-3857.87513598044,1.96886154360814
"38",0.557911835766503,5.95517663529684,1.14988391604181e-06,2.03348095224157,0.817085290718967,0.473521703537331,0.253021496551009,0.890988916495351,0.770408700676371,0.716303904785834,0.851221054185401,0.989764710421931,1.16511354458675,0.202972757110228,39512223,1051.96428431623,-3858.03598208963,13.2111689198045
"39",0.108144160958694,8.4137172241337,1.23187071376445e-06,0.323147030655043,0.836688340799514,0.0431176251131603,0.190717429028337,2.32336636023403,0.567070490530013,0.253045841177745,1.04859972818557,2.44612410936572,0.0722140110588043,0.095598853090529,39512223,972.198696065398,-3861.64317095143,0.822541747895958
"40",0.193503671234212,3.57269456371461,2.90841982395718e-06,14.8352972763236,0.805341400636697,0.116008167714271,0.846336511381031,1.36618883976398,0.848363188965379,0.68908246948083,0.92841224968165,1.48403418056294,1.96683876450076,0.118866224298421,39512223,1973.24602181407,-3861.65657592939,0.589659436135083
"41",0.302469129300253,9.71678960470221,1.40212781093515e-05,0.289349481068989,0.602178351611508,0.256921780210504,0.0637104356649219,1.28727575163772,0.47048541387136,0.26839014521367,0.659697224906631,1.1385883097261,1.5016007536761,0.0946286511390771,39512223,1574.0687831108,-3861.97833924054,6.58937720749611
"42",0.0704057043920806,7.71522139583515,1.4431515987243e-06,0.679856776025183,0.663890572623909,0.320501263770557,0.0358022222463413,5.17770084766113,1.61004537404462,0.80171755421292,2.07754448535076,4.58983272718902,0.330704032880836,0.0988307221103501,39512223,1389.78261267678,-3863.19074544271,4.71060255443321
"43",0.149414086878075,6.72389749408061,4.27553558619906e-07,1.31056034419911,0.741968269709551,0.0513313318529685,2.15415957385617,1.54546672735155,0.717265396772441,0.218555814047179,0.861513418690565,1.79079962164132,1.37318575737895,0.0936653414593703,39512223,961.313196795462,-3863.97646001006,0.379085089387585
"44",0.788046190656954,5.87645611872639,5.67152457001488e-06,0.290373005108265,0.985337945659004,0.424834412221239,0.0702597579087654,0.886501159139704,0.584588188228219,0.446347819418979,0.694381276151843,0.904968609680296,1.15507697027786,0.129603459059381,39512223,1058.97166815921,-3866.80940722858,1.20460261161546
"45",0.404807041832225,6.95703329452813,1.88114218277924e-06,0.427554867182408,0.656727684919017,0.129793423941824,1.34710271132984,1.04607282368934,0.550267805350638,0.418855621713485,0.778509681284247,1.12931180007214,1.7078848836468,0.110538644529191,39512223,997.024012594957,-3868.31300621284,4.51179445942839
"46",0.0847178706584306,3.92296069505658,7.05517927536587e-07,2.88506084064687,0.838933248361815,0.192049909134277,0.0324220147773235,3.48850138964898,1.749555352274,1.01565849213631,1.79933451663462,3.44155946864941,0.631842725402222,0.107722635708828,39512223,1478.05305567922,-3868.89877096262,0.340506170299395
"47",0.860129045361671,4.1622044295817,2.73305437558808e-06,3.03245982061274,0.417033883113299,0.503776469997784,0.353856624607753,0.559072323481674,0.451616912631595,0.418215009540156,0.512037178117999,0.589569248598682,0.681251675755123,0.210361492748608,39512223,1099.37640098155,-3869.1162156491,27.3375202054882
"48",0.312151827436793,9.70462080505347,5.49114073539259e-06,2.97505151330924,0.981647582307912,0.0831350320095055,1.32891501866648,0.722499376416983,0.324340342451515,0.2240592116896,0.463192072209628,0.800607396666473,1.31573062457257,0.102428316837117,39512223,987.813966668835,-3870.29662840076,0.620995524844918
"49",0.533638768379613,6.82179470540084,6.44409335637717e-07,0.0537641902467208,0.599882338386515,0.375205932066351,0.277669146151685,2.38644849652423,0.89674029827953,0.415986459395018,1.11144996889281,2.78934818283407,0.163277869518524,0.090275206248353,39512223,1134.22743200948,-3871.89369063204,0.508384351707785
"50",0.310461986771069,32.255838912056,4.26126630830531e-07,0.158828151215471,0.614785804306823,0.442371356697093,0.0528778024911446,2.00884087068739,0.513221240052809,0.211619310080953,0.702275767805948,1.60894822518779,2.895711815935,0.0934349653253167,39512223,2203.54780059548,-3873.44642483379,0.976604125164106
"51",0.140450065205589,4.76793246154186,5.77711797751395e-06,2.14688564066833,0.722927728644167,0.0518531839251101,0.501789993426157,1.52444548667304,0.722048932640438,0.181634660408794,0.912432518735232,1.75737477007606,2.05796358604522,0.08467114235777,39512223,2768.35603022968,-3875.42049882253,0.773093022973546
"52",0.203700705090882,2.99079445476612,1.44854305953841e-06,3.81018454375776,0.555166057428189,0.25734560904495,0.060514326512446,1.40217168805196,0.645570191276802,0.391695044573893,0.764593063289268,1.49143975332132,1.8600611916387,0.0971944283868913,39512223,1842.71142306184,-3875.97365095839,0.495876443656526
"53",0.414906609969236,15.8094876058171,4.07121402181322e-06,4.26013571412995,0.720018916389803,1.20419739442317,0.0578902865703553,1.28558881714676,0.573603504467245,0.365625434125682,0.616106371342288,1.36932982041713,1.10488338776561,0.101795474357885,39512223,1265.14911824279,-3876.03394970941,0.394111003156296
"54",0.152885455132873,10.1583846064454,5.29022326754948e-06,0.400031917583334,0.673733286207614,1.51343442519922,0.045764225178376,4.19826689738537,1.10881901554222,0.676046921588413,1.39524202863624,3.09800904048668,1.3562646081121,0.0950599659213217,39512223,896.190450028299,-3876.78165305841,1.54173125100505
"55",0.164574319541179,5.98537730662505,1.25744697079275e-06,0.670264488900534,0.499621567738294,0.0556897079955496,0.602127485026801,2.29263019428885,0.778165975611678,0.492614427604678,0.954538135814054,2.13656783008937,1.87637672233536,0.0962330377764013,39512223,1622.68891837124,-3878.63635718084,4.60496402003225
"56",0.16782327412623,13.7983927814309,3.26148886545616e-06,0.561101937378287,0.252226246416929,0.0439258105643289,1.79693487721082,4.1470799009941,1.43640335722135,0.631345668962573,1.39129473045597,3.58996522675521,3.96587595626835,0.0912020519919655,39512223,1832.83540591866,-3879.42870618448,13.966977177335
"57",0.0955407110816298,13.2449125111188,7.61250103584812e-07,1.71778585859518,0.632847411537488,0.18362363227142,0.0385433197174608,2.48345163717523,1.25461846329494,0.444132798352743,1.27052360851299,2.75023444231643,1.27913265936984,0.102076867537899,39512223,2038.16226039796,-3879.45927810201,6.75957440548287
"58",0.154744462489414,0.947039342960273,2.607080557302e-06,0.995879807239139,0.594271913135943,0.06151963149224,0.507076021254467,1.39489231224185,0.890470724776269,0.378416941447735,0.960194346590091,1.74670882095247,0.0897235400082689,0.0988013563183497,39512223,2083.48503436565,-3884.62808566282,1.5069143955061
"59",0.393775353015021,21.1918716823792,2.69184852688298e-07,0.0493180519730254,0.56429338594375,1.05714861788809,0.164579843877427,4.67108167842292,1.11104496389242,0.243341113963852,2.03613475609067,4.24622103786622,1.21289681340937,0.0939510943835768,39512223,906.069526197798,-3884.69847182035,0.783091282662667
"60",0.145427593882268,1.83716970985967,3.42935365967455e-07,7.71862443739105,0.627811228573935,0.243124125110987,0.632608233081481,2.61298402300616,2.18291467388494,1.99618549834793,2.50446097160659,2.88968449717331,3.51271333682902,0.186052908561753,39512223,649.34479473169,-3891.19130678215,25.5748096402
"61",0.213158643393015,7.86873438026893,1.11287540767035e-07,6.96890083394416,0.500718526602183,0.85373951461269,0.046659756541033,1.57055147916487,0.560001770751832,0.249949707499513,0.63299537664494,1.48767765702284,1.04655074945599,0.0919480659834294,39512223,1971.70042244302,-3898.51851719865,5.98197096384178
"62",0.0699146462077896,5.79728528915682,1.29034042477595e-06,7.48658218036643,0.676043413597657,4.82228158042845,0.0395670577078681,7.92857454597807,2.59067927026961,1.29840773035755,2.27589838866974,6.56411297555375,0.873142782081135,0.101085522084491,39512223,1071.73671374491,-3904.43183795977,12.3375751870204
"63",0.45674983533738,3.21004647127803,4.40820526456631e-06,8.41727014877742,0.884614060458458,0.429458472763372,0.341260597128333,1.06920175521692,0.944863067496336,0.88103702292785,1.02602394324321,1.10445308430077,1.23643024668939,0.259170972828424,39512223,941.516084766346,-3904.85484100503,12.2100300962362
"64",0.101052309130073,1.03629589723666,2.04166220194368e-07,3.11191487291492,0.716835073035917,0.0770027279409662,0.666151457546195,2.06892628876626,1.26213090654827,0.766340321246644,1.5986331893731,2.29231925591529,0.613665009238605,0.112121680551437,39512223,1575.06595721308,-3905.12679942281,33.523049743116
"65",0.336754116495412,2.95260364428717,1.24424623513954e-06,2.22975464067983,0.92081704231441,0.633296829285958,0.174282458369669,1.95691251047808,1.56871880829568,1.5300351979586,1.76149841072877,2.00315857022254,2.24869122316123,0.223442002491852,39512223,815.938688111535,-3906.94182462204,5.27151086902967
"66",0.0658681771620839,6.45937033793726,1.00831008237095e-05,0.369186468114878,0.393428817915376,0.0474136795477479,0.711920027338075,7.79041634708379,2.20106201138509,1.18809293158266,2.95689502742033,6.21271121501764,2.69720979026765,0.0938448425871971,39512223,1040.38118885408,-3907.94619096847,7.09363844359917
"67",0.155783004366687,9.63944032977386,3.03303014178918e-06,0.352523687398867,0.584459447349343,0.353059509634597,0.0477752763401902,2.79126251273228,0.815305500074105,0.415494868230709,1.1173261000815,2.34875173969272,1.43604425390745,0.0949635641727551,39512223,1152.76978930882,-3908.21556710764,7.98184456852457
"68",0.288247874022468,8.83222925366406,3.29068013541493e-07,0.647709197554596,0.965553512661525,0.0728677361551855,0.548359556796898,0.75738462852787,0.359667781939121,0.185168153963047,0.44931723925089,0.758665646002147,1.12262911662954,0.0944544633655977,39512223,3077.55242543051,-3909.37985050436,0.347240797168263
"69",0.0949809497895192,2.10041910959025,3.96758232184151e-06,17.4202944435326,0.722072049491977,0.0456750666625936,0.407591699045681,1.84336788987195,1.02281952603871,0.237066097617813,1.1576967445451,2.281853271989,0.323481521000143,0.0938327599122569,39512223,938.681449876148,-3913.5606567041,13.191491364229
"70",0.463522635183393,9.49082806246757,4.7328264980555e-06,0.684541591852254,0.873645098891799,0.632533193774043,0.0386841209876255,1.51126126179144,0.535401305115203,0.373523503176268,0.697545324419276,1.36681436446555,0.871111796772221,0.109695652435615,39512223,1917.44643107453,-3914.26717411823,4.74183007497987
"71",0.258022266986068,3.46875037593108,1.98222553931271e-06,8.50487978130526,0.729578229079513,0.669253563558568,0.0402678353593045,1.54801035805742,0.704523829832891,0.468763606913444,0.647447818375742,1.38657844158274,0.342984639694858,0.112082537854801,39512223,2952.56494118254,-3916.62083301253,1.30243149796295
"72",0.196418243397586,13.9901120824821,1.82518454901395e-06,4.59431703270815,0.470177518151923,0.410106583563663,0.159737811942854,1.73841923157118,1.29996674229688,1.04499648456493,1.4634341681688,1.95604893410282,2.79542452381118,0.118389652223534,39512223,4533.33088785743,-3919.69247629767,0.471107788462532
"73",1.23769920029288,2.55972993274674,1.98931863134381e-05,3.42398155586737,0.486128044326048,1.37863947534361,1.09541609493309,0.788184094223293,0.761077662443952,0.721710548342651,0.801418322960056,0.811946735015117,0.847815633995793,0.564284792070893,39512223,1659.64064319418,-3922.42676939113,2.44108724767857
"74",0.470815405504454,2.67464675667372,1.30742580203046e-06,0.685264275097138,0.748273053898342,3.38465277752987,0.107867673738124,1.63797080113609,1.03370467922161,0.630265519248958,1.12450929618603,1.69829282030955,2.52379738591794,0.110605307055179,39512223,887.295472357912,-3930.19703975394,4.69465369104617
"75",0.105382308671554,4.73722146755466,4.48606165885423e-06,0.889811068040302,0.861801225973004,0.0570938223345294,0.125462621986222,1.87319657973038,0.815955932953518,0.33391810196749,1.03919215043924,2.30024433346567,1.89006721455518,0.0763466697743388,39512223,4824.40316655789,-3933.71074574493,0.570209856548549
"76",0.0432660534015151,10.7319751649405,1.37360127759975e-06,1.31916972384583,0.861702943973822,0.0534571569377726,1.38709391962301,4.60482717434868,2.19080174282257,0.658451023245422,2.47077599768039,6.25219776004921,5.32097314609848,0.0781473704034199,39512223,4779.57952548883,-3936.66919367182,0.556390644164913
"77",0.161479629454974,2.90217199973984,1.67630994334207e-07,0.71372269115132,0.944806759717714,0.0693812169437026,0.389930672034943,1.49828071076075,0.555221204062882,0.376223812409039,0.945048490627098,1.67470830651619,2.89591388238122,0.0975097722636902,39512223,1066.02309899946,-3940.27140519559,1.16524258282532
"78",0.204899078653189,8.3580045867205,1.48494125344685e-05,3.67775282917669,0.766561657656896,0.17934364255602,0.408422736396237,1.57538267084822,1.16698360285198,0.784261549128582,1.42009949944283,1.53777741682322,1.56519522620184,0.148681551093933,39512223,5219.09745757398,-3950.341976312,0.289258573169509
"79",0.111090042644283,6.86226484678003,1.11931740577597e-06,11.4678327011714,0.676480609803412,0.27473080502377,0.0417313542748962,2.80771521845335,1.1361319847452,0.790610216797097,1.30862348012267,2.64903696331149,0.948108540530705,0.101131593987621,39512223,1274.27539432374,-3954.75249553839,10.7223863280775
"80",0.52406545751239,3.88893617398958,4.86844713819428e-06,1.63809304934045,0.7169658850642,0.277857523787988,0.0879359047048829,0.655814816344133,0.371994842705504,0.250993132476924,0.456892760469669,0.527703238180586,0.205251095460622,0.163673641367305,39512223,2088.19453293117,-3956.29244350049,0.835297110312783
"81",0.25768856013991,8.69111077646875,1.12266572285364e-05,0.735372727545589,0.851591553152527,0.657727358452314,0.14082625269646,2.9233147038931,1.7551855627614,1.54432246071139,2.16756020078547,2.75971679451877,3.52079318500899,0.115090916522554,39512223,4948.03443149642,-3958.9631967833,0.259290082825703
"82",0.428863334460687,1.49821281315891,8.3516239467006e-06,3.24465978799768,0.892068633333649,0.507332053111099,0.478845835805973,1.25291298949625,1.21112933309454,1.08847891096249,1.28369890013463,1.41122175582563,1.61583488995999,0.253998795039058,39512223,911.585738559741,-3965.48904558226,4.45104782575066
"83",0.0796401295885169,6.95281847244259,2.15405748255719e-07,4.76931880020894,0.37932080635913,2.37178125385127,0.0985384140659211,3.82709763444063,2.37946338534994,1.32606264605339,3.01095968906471,3.09514538559942,0.443325456465771,0.169970953563906,39512223,2470.60350230621,-3968.27945369233,11.4466267104254
"84",0.193995956523643,8.19668708871513,4.0457695203026e-07,0.463730773059307,0.402297377481768,0.0502703769104017,0.401200831729631,2.0621425796266,0.622754853818564,0.420834482032596,0.985647305072917,1.91353612906513,1.78426986738055,0.10905922321944,39512223,1169.94774704263,-3969.25778272565,3.97311597887793
"85",1.27044443554033,2.06036742818482,9.92562378482603e-08,3.95739311039881,0.893280885486544,1.16822691482927,0.689374321775428,0.825839070457002,0.783628811558339,0.744610673138032,0.827032010126336,0.873297947316135,0.927402583901428,0.454810444468789,39512223,892.573933596502,-3979.21169140467,5.79041927186703
"86",0.121164889311904,3.69344412193658,2.72064276683685e-06,0.223035954211378,0.718598355369662,0.0444689377852499,0.336512309406255,2.49306779753792,0.730529291499009,0.164947673357686,1.21744971070466,2.54634512946149,0.24807600962004,0.0896507577082991,39512223,915.186727455458,-3981.50398547976,2.74003077383075
"87",0.216574768840245,6.99945739346288,2.58027440954564e-06,0.221296815683716,0.899440136174926,0.0684574624730325,0.361988955545267,1.30067057648411,0.494989238591958,0.188353896288345,0.62393088202241,1.53090524993821,1.88198107692829,0.0630427380698685,39512223,7663.02928109106,-3996.62427629769,0.314664083887963
"88",0.261030393035713,1.67435711547406,1.34441914838429e-06,3.73319327428874,0.501954569153798,0.122007028314755,0.448884729452977,1.13413581463559,0.837802454534908,0.515151548008967,0.981090169302593,1.02425657259152,0.546354883708063,0.184499485729319,39512223,2085.93450088265,-3998.52376504007,17.6404715070787
"89",0.148472120116351,15.654223605414,2.48503659391661e-06,0.170834790164753,0.616184984164382,0.170665172536012,0.0558133337960179,2.69704680761668,0.940588068342867,0.285465248630944,1.22102858601413,2.81781239012812,6.62628108525355,0.0639830414768075,39512223,8187.44270633487,-4001.87928911535,0.266031147745902
"90",0.195862425613952,5.20663324244877,2.13116509464446e-06,0.801623600878704,0.687766645033852,0.177724589413977,0.130525259962553,1.48833925943447,0.979324636106841,0.729127392789733,0.98476461683243,1.66180274318161,2.54971788143031,0.138937908977747,39512223,3449.42390601353,-4002.25845860128,4.58991721733787
"91",0.47324966582211,28.576410884712,6.23021599328476e-05,0.241836031603451,0.524643080080465,0.785109288559178,1.81421162116648,2.76232545962576,2.64688475462204,1.70332429687259,3.03651137129387,3.46729888448758,4.42348127863035,0.140613253042117,39512223,3625.01635229715,-4008.18945373703,8.45781591993918
"92",0.157798052640148,3.402830722812,8.24915618595561e-07,1.79260836878585,0.502090444117192,0.0637671882607581,2.20746289527315,1.92771153385301,1.09126539165725,0.719220957560826,1.01298476908734,1.88168469192524,2.79579122727192,0.119276331775817,39512223,1779.17486565268,-4009.91579208353,76.6834584948073
"93",0.141629282620741,5.07783510923835,2.07065317888986e-06,0.279039652263258,0.869783519122696,0.0666805915591649,0.0223833373140731,2.05272864260093,0.473999839642424,0.21425401069416,0.924178819410737,2.23067684651281,0.103029320551226,0.0988985068080552,39512223,904.156745235084,-4013.10168494462,4.16374196715209
"94",0.325175147043294,6.39346172047064,8.92502159465447e-05,0.364785432221867,0.883505937850473,0.129557323447412,0.088294621663499,1.0761793878184,0.448791530906106,0.352367807681641,0.681709397015836,1.02452018613436,1.80534278597063,0.10626314451528,39512223,832.917223093016,-4017.37746321986,72.0153958490451
"95",0.293683673011888,4.34935996037841,8.51328422901099e-07,4.02742584500609,0.165169928368197,0.451915023012274,0.489092213052016,1.64090349532185,1.53555570236248,1.45445261012623,1.63164076746366,1.76275154473382,1.79637816196572,0.327765046126068,39512223,1049.17629630284,-4024.36447556703,16.3322156225101
"96",0.109943495297464,3.89793503338284,9.1356148060063e-07,0.250926613882991,0.334069717775999,0.053775958526294,0.138448119751761,3.06258946410177,1.12970725116109,0.555655863524238,1.62356589400607,2.83553546430158,5.6659875880128,0.0908901737213492,39512223,1019.85337050736,-4035.35280648278,20.0864134425772
"97",0.220858095940061,5.00593477696333,1.73915609107193e-06,2.86961491869808,0.886305969204291,0.0518422536530116,0.187563754184682,0.749906961195455,0.39963535112542,0.212787975096892,0.270765641933551,1.21418645634061,1.23268975255005,0.0751718932229284,39512223,9456.32093455409,-4041.52752094843,0.406865772374571
"98",0.182310780153731,9.16422847503404,1.2568451154543e-05,3.38108213531285,0.501248841711597,0.0477468265210019,0.279433128736283,1.3478987975917,0.620203725332912,0.30469629231713,0.721134163717837,1.38040160120139,0.706857135751577,0.0924033067731486,39512223,1255.82708538573,-4055.7712824444,42.6117758194199
"99",0.172302070439156,2.72957791943282,4.96591119869327e-06,1.72336052306564,0.557772602744467,0.476138724081482,0.22535567290973,2.56432070956461,1.80616337682824,1.72481129628101,2.11779613730789,2.56315350999374,3.41538789032811,0.178683665292758,39512223,1174.20947787611,-4059.0774071604,4.30307126917953
"100",0.182312500481482,6.89852186085917,6.58458957794867e-07,2.67257791462023,0.499402816131621,0.0420740239320121,0.577173560357782,1.60392658368656,0.65084745389112,0.209306447024271,0.643826903052773,1.69687018202685,0.786089657692895,0.054061695841021,39512223,11262.3753618745,-4071.20473469311,4.56405116420221
"101",0.142116121227144,5.71752598234819,1.09702619027586e-06,1.58787768756451,0.676234438704194,0.0436242432896077,0.625941018743228,1.43417254282143,0.773254619965699,0.184382927599163,0.460947919956639,2.46674833952613,1.01002369899647,0.0647471779583109,39512223,12379.2673945829,-4071.99463858273,0.0684526788189505
"102",0.188076393972079,55.1244990730029,3.51457246505235e-06,1.8544776721655,0.885312086912755,0.361386088547498,0.89952209372393,3.01023083523849,2.15837402357177,2.11347837251994,2.52265230290813,2.88022802804716,3.47633125029906,0.194135441001242,39512223,1726.43767766668,-4085.62949087389,33.5219211263417
"103",0.0534492297040138,7.35037730867761,4.62796948193416e-06,7.61787005645973,0.502097624992984,0.0383699251519034,0.225487045606584,4.10589148540975,1.78346145949018,0.91965383664553,1.9635123230876,5.63213170826716,2.50830765198456,0.114389085944587,39512223,7430.89086641022,-4086.00031959779,1.99144667469902
"104",0.137874559786053,12.3674427221622,1.10286138118149e-06,4.63099026651329,0.425907385055878,0.0477953988413853,0.376005970195695,2.22373365204215,1.02868872946398,0.388981074751009,0.736717567992344,2.75093641220351,3.06453211684275,0.0681761638566799,39512223,14059.0964234319,-4088.8285312913,0.148930914241916
"105",0.208281680121405,7.25949678350541,5.68931175021274e-06,2.41613424868323,0.344501455660545,0.578495143066405,0.116300414106107,1.36743804422052,0.899582126173789,0.504972916494919,1.07333277738961,0.975377472715696,0.201417296487996,0.368393549082821,39512223,4821.94166830074,-4093.80628369878,1.68966168726357
"106",0.198416951932293,3.60899222986574,3.9510547424251e-06,0.610805022715089,0.497663593806209,0.575260123269984,0.0986404752176747,2.04409021733936,0.931861733698723,0.7297442293996,1.32000823561856,2.07432561333597,2.92929616662672,0.112192181421239,39512223,944.627610693436,-4095.58608736086,69.4694642322526
"107",0.0762236046013403,1.64657125845759,4.10482532502492e-06,0.26479191544712,0.76947491392202,0.0675198944328674,0.469339504700047,2.95261100068291,1.65290752145596,0.254455487522697,2.5389610106902,1.50685424235752,0.169320672850625,0.287737695283901,39512223,4852.02360911216,-4098.07330889265,2.74320541195458
"108",0.0533833885376683,5.03360866307285,6.50026355189962e-07,0.488950685407917,0.687615140839791,0.0640727545252731,2.50578145384313,4.70470941480995,2.55992158051209,0.619284839873334,3.33230840186612,2.65311308680378,0.198119979924541,0.233299023926116,39512223,4537.36086270078,-4100.50630301066,3.85825061039794
"109",0.0815046412446186,5.59281640334083,1.14516185663018e-06,0.704177750789447,0.83366149798407,0.0685319167568218,0.406208134631012,2.40481609702181,1.58099283929423,0.708922142549286,1.13777903053956,3.9603031239886,2.06989126333347,0.0771740520539164,39512223,16129.8013554187,-4101.59814453657,0.464433917440004
"110",0.250048788321422,1.99632415721512,5.34454965723149e-06,1.38396595201033,0.293147685037586,1.30761753495123,0.370469203396305,2.0939539196261,1.69705979945604,1.42325682411569,1.89928927014665,1.84953683047331,1.65179577506654,0.360509283560127,39512223,1848.24992240643,-4119.71834096355,16.1227455236606
"111",0.161825386178635,2.96561971905428,1.28259723175244e-05,2.57890576532573,0.823433793223461,0.14298810550983,1.72721627151392,1.79239581933181,1.20953938022889,0.742889979582771,1.43245160669146,1.24115915994787,0.263842171976463,0.517727127359801,39512223,5012.51349358195,-4129.11605052568,0.233958855109223
"112",0.189669272142629,4.55672468724412,6.96233421570651e-08,4.4475059801111,0.175694153147306,0.461562851247133,0.202133859235795,1.63369286911777,1.20419489910876,0.932820354122282,1.44553755554319,1.38978402376996,0.8479577867428,0.310395049820387,39512223,3232.57384403266,-4140.28508692711,6.34791753081148
"113",0.356444758565058,4.60198502843172,3.36003544882824e-07,5.45286775434577,0.65188723853752,0.0460759417658307,0.17863680436025,0.429828453226536,0.291075851554055,0.153063914618188,0.219515058492176,0.686266424622062,0.371338041734565,0.0602589422692914,39512223,19918.1702696156,-4143.61808038225,1.11268740045121
"114",0.301235298486378,9.49495392772235,2.2985173065895e-07,0.616125924631244,0.500774238653034,0.061052384311526,1.00276832858667,1.3115133362594,0.525590536225866,0.195320532394104,0.6228581214597,1.32539484859667,2.97319656440504,0.08709279301934,39512223,3833.79826721477,-4143.96235676436,210.214238633749
"115",0.0737198204778496,2.30198274025568,2.229056006305e-06,0.258038609289783,0.639571834079418,0.116083675653149,1.17874571113621,4.58386752073679,2.92862292676107,1.34700732280328,3.85438372411748,3.10102211295339,0.32566628698145,0.303835731265613,39512223,3773.51329342906,-4149.11582116157,3.76766547927278
"116",0.0900706796846558,1.66866123094162,3.29957849018154e-06,0.928405606977389,0.96335922984457,0.127034971555841,0.0900043091490158,2.35522758318912,1.78099075939349,0.745737459532892,2.18498598002839,1.55753636680483,0.168376716779192,0.785447853764652,39512223,13587.9640703589,-4149.64842604833,3.15339120847259
"117",0.220311417113514,5.70882521640909,2.63378061456779e-06,0.698230188260728,0.817729851139827,0.247680630451329,0.10346997918843,1.65178336603475,1.0560283122327,0.671105580982029,1.20797453107991,1.17644242824093,0.530283694635625,0.283609425714417,39512223,2523.23343348489,-4150.21139256286,1.26320563446749
"118",0.25424545174286,4.12143279904465,2.35471705904308e-06,1.4627705448408,0.694474237856789,0.313575799852292,0.308720771195935,1.79473042018353,1.26027895176065,1.17931036613429,1.45851157496549,1.68005506680053,2.06553611305689,0.192352073250024,39512223,935.593278396848,-4153.52052746384,28.7334449606427
"119",0.0469026824278886,0.750381476301241,1.82055307817638e-06,0.297983739855947,0.97661030240027,0.0594949094048195,0.129445885029334,3.44736294610106,1.97564446761703,0.104642825886573,3.27772993307101,1.50008118311775,0.202796339427284,0.468671602113074,39512223,6285.52646818387,-4164.55013187414,36.0764012164521
"120",0.13587390989101,0.35009046396661,1.95517266748939e-06,5.56516689185896,0.354501176361397,0.89315666534357,0.309408063918479,1.91191770753751,1.90984799313972,1.40198839977379,2.08155935326981,1.85231141242574,0.954914708701446,0.859125171926384,39512223,21397.7730489949,-4173.12649398577,4.25441424559326
"121",0.178005990823451,5.89061269120329,3.94246905141541e-06,2.60401120617406,0.791791671472737,0.05238269034206,2.9955245227572,0.91767604142114,0.633159412698937,0.258200655619029,0.425567785635191,2.88652872731904,1.61257783148934,0.09749585299285,39512223,20844.713738552,-4175.60167831736,0.39097190276981
"122",0.285711527071048,1.8858722102742,3.74110394411869e-07,4.18492474811363,0.837825668801089,0.443920577794572,0.309353708881493,1.70869654438783,1.45802946225468,1.32447307313933,1.58264589789624,1.65249159585497,1.5762786771075,0.350579241210141,39512223,1047.94049688871,-4177.87390694657,2.02352570025729
"123",0.189552100586324,2.65189491242254,2.40651720584063e-06,1.99236581034751,0.334941958921259,0.708953873500776,0.13296018183118,1.49443094272256,1.10172829290927,0.637026471372192,1.22769599687863,1.11505530712217,0.358939525857622,0.589808879648852,39512223,6340.93322936164,-4183.50740367913,0.587031174374581
"124",0.0901377983688455,3.22703580416851,1.77806285774187e-06,0.771850081126033,0.673472015952114,0.914715228081979,0.156525463817353,6.12654328606625,4.35322560493427,2.98099367198609,4.91856596270723,4.81824530430275,2.58039039659808,0.331059018361506,39512223,2653.1540986197,-4184.41800624486,0.777959621599047
"125",0.139152919659799,1.88811657145004,2.14966269270521e-06,0.561596059858346,0.341997144812343,0.437209570867418,0.241236828358102,2.71676755396526,2.08873226146709,1.52146405525521,2.41833163032039,2.41896481885036,1.67704300412435,0.258341342308999,39512223,2487.07385442082,-4186.5886653704,30.383257477906
"126",0.361238678542429,3.84346600290192,1.75980169282392e-07,1.92986377808937,0.424089396239813,0.141252128152864,0.503100500309221,1.07312852773811,0.700793753262934,0.505304257825139,0.787772340606548,0.730698351214156,0.233655716864734,0.778182928117724,39512223,9480.79975920452,-4188.04453287684,0.523920922625404
"127",0.267387521900268,22.8502134759338,1.61215953713265e-06,1.05394612605332,0.49966527030906,0.274741929207577,0.0476472832978009,1.01766137104191,0.422759990189021,0.244972867836474,0.457183743097568,1.02403417419791,0.331961880156988,0.0946449137338048,39512223,985.318894646777,-4189.53489956442,355.005840939608
"128",0.175951830575355,11.5072603064159,6.10027403706391e-06,0.821843385737646,0.797626359492341,0.264555104201694,0.0495357669234994,1.9313157230806,1.15117327069241,0.273837377405057,1.00116627176059,3.08126424162102,6.83958943512267,0.0597557719534309,39512223,50504.0405237365,-4192.73103580689,0.157643902075425
"129",1.06197839702492,15.0405882330232,2.51789714117389e-06,0.435005808067456,0.315424193303945,0.28921596747337,3.26359960389638,1.09651385068012,0.707125876409823,0.526971712539708,0.823511521976819,0.747744137939464,0.383121402029538,0.776659026565605,39512223,11193.8095269117,-4194.51568812631,1.26998038347597
"130",0.749990273969196,2.21329328701049,7.96382907367187e-07,2.66615684853121,0.761802903144882,0.619515159859477,0.624490364821091,0.871493403781051,0.791422208610845,0.728612263170132,0.848585960126954,0.849832331199093,0.864079445393245,0.410138554859978,39512223,1081.7937048792,-4195.22083532648,5.77174226563797
"131",0.106831791182405,9.74364030967428,7.75989288713355e-07,2.87127465473997,0.558892095329646,0.113327543895668,0.727118532709357,2.88015858090672,1.98669116459134,1.17583733530356,2.23129381802042,2.01370706731885,0.414682414804281,0.825648197975535,39512223,15744.2500229445,-4200.24727624603,0.264120472494822
"132",0.880442713987731,2.23276418068119,2.40783841933349e-06,1.94222335787637,0.57699522188603,0.347490446988043,0.662769772105883,0.534998931494239,0.481553799647083,0.389252037001333,0.493103800108558,0.481130679592027,0.366254003617238,0.892825521485886,39512223,15479.6410612034,-4208.03182903906,7.80917513447068
"133",0.109063736412666,2.70130298686872,2.95939248302013e-06,1.68897343560707,0.580823089456028,0.0858104698990441,0.302974631428368,2.08612856161013,1.3392188799598,0.574493153827846,1.74325234259209,1.44633008229431,0.0523540959793315,0.485921434060962,39512223,5160.21927883118,-4208.67180727937,0.581052087244188
"134",0.156991918315496,6.63496083852292,4.26256167893011e-07,8.29473481744817,0.353041808747579,0.0548373225922775,0.347936184145299,1.69335891452233,1.06315960507804,0.560652386459233,0.803137157771751,3.56492512336473,3.55019485091636,0.106873305799999,39512223,36899.2501664887,-4211.11921127543,0.455222443295023
"135",0.702753774029088,4.87764758683071,2.19369027064899e-06,1.80748877791685,0.812791214631922,0.500999340152552,0.433943856226874,0.927448590786346,0.71115283415495,0.733742477729767,0.831037120993306,0.932602460552722,1.06477498284932,0.245268994228933,39512223,1103.09923309897,-4211.98206432207,7.86226149218642
"136",0.264183323180754,2.67609800368453,3.85800433253694e-06,0.400586641028515,0.919296954695506,0.534481605527161,0.414400828001908,2.62900743743086,2.11151401883465,1.57707001498083,2.38465981846159,2.1311221448305,1.29977681706721,0.79186467593906,39512223,9156.74671841845,-4215.565725459,4.93821020534725
"137",0.202924410134611,3.21267887840154,1.20940136637567e-06,0.0775079492610546,0.742652504289038,0.348221169812453,0.636699385160912,4.24576887371533,2.76825210004882,0.480630644884332,3.83760845492998,2.37863133612108,0.446499872001725,0.688364694670208,39512223,11707.5570123711,-4216.75355910318,0.27051737671293
"138",0.0489284009764819,3.53716173324907,2.98747290743935e-07,0.411319834475867,0.436872739760298,0.0272533225707993,0.109439341194299,3.87313037293654,1.74389962968283,0.0809723542408028,1.97217543702543,1.43076471008854,0.115791189621511,0.869650750897045,39512223,31900.6232185368,-4227.74679582572,0.541075566262939
"139",0.0775957942050658,7.70559598939216,7.64173704588593e-07,3.98276390668948,0.6767499131613,0.123241350531103,1.03067006774331,3.64490256483473,2.5733500837814,1.45094941454574,3.03803903032414,2.59966695289718,0.43763190255582,0.623462121509807,39512223,5463.69884022553,-4235.25755586842,1.96123096851287
"140",1.0022089188523,25.2106247772758,8.938410310615e-06,0.50520822162335,0.44022380213818,2.70324785921173,0.696705459089171,1.22655877972995,1.02772981927925,0.851784003134101,1.08146658935795,1.05071139468447,0.806382782921705,0.638584954362401,39512223,3577.39835825345,-4238.02797348632,37.4869947116516
"141",0.0881611043337369,2.69820462753347,1.04490705734672e-06,1.04217209127603,0.914893838367614,0.135585237323947,0.133980858167964,2.75666858512933,1.80482251272682,1.06548132904303,2.12988667745909,1.82955162031971,0.293668100658556,0.877656730693732,39512223,18437.5006033456,-4242.44893004123,0.314754833095107
"142",0.249468082322566,10.0009421997177,4.0122348679302e-06,0.785647762643884,0.825239925460531,0.268182077836527,0.397822119427446,1.7280390361348,1.27470532915162,0.915782327847542,1.39430243739677,1.33459490453072,0.830301358788393,0.462343266341233,39512223,3584.49711165444,-4253.98028139474,5.71030713835935
"143",0.738466036668946,8.33972640187854,8.93493029257773e-07,0.802742668541593,0.346475426318944,0.819864211547284,0.647193052689178,1.09913572961175,0.893134945889286,0.804386606873536,0.961258454140292,0.964955192490207,0.85413615738802,0.50882940760796,39512223,2328.61938093077,-4267.3681370184,14.0197218492613
"144",0.305868769905312,6.93732584928371,5.91259624450506e-07,0.718333791332019,0.417539784697972,0.324540058171829,0.460336943467496,1.60201131930949,1.31105046546281,1.03424995535436,1.4622411722709,1.38499294248491,0.922696230546305,0.565071537719845,39512223,4037.79531136232,-4268.05800250663,4.36495536359736
"145",0.315438046620149,10.4698656550183,1.75975914317173e-06,2.33835933798852,0.823274741057175,0.375278958748402,0.153198595967639,1.38466966406876,1.00196560396872,0.845804404537924,1.10910621540639,1.16541178551262,0.977497827046541,0.293992308436503,39512223,1694.91907121346,-4273.10645764562,2.17817128003667
"146",0.146206761252512,1.22840905364543,5.95581609407338e-05,7.01532884086278,0.970787189015908,0.270286377837103,0.362529994448853,2.14836814150108,2.06249671003702,1.51037045457446,2.18657439707945,2.05272923484357,1.41118827828213,0.691816464913796,39512223,8367.68635904727,-4279.83056758236,2.26859759758658
"147",0.145862724362322,13.7314267725071,1.26988538871273e-06,1.45189279328233,0.357256310742594,0.0325991228641123,0.76447537826089,2.4561821603907,0.968955974995686,0.426251984866471,1.5197206475681,12.2166077874206,3.23158820150118,0.0997018081928978,39512223,31431.3788376157,-4280.25050980094,0.0979439122293303
"148",0.175675211583403,0.838776783382206,2.63448600486944e-06,0.884040591041877,0.737419455983452,0.14374325362067,1.91026067955954,1.5837226051653,1.20049475088735,0.75653268324739,1.34884327860797,1.20932601127296,0.379377679888366,0.912156966200745,39512223,25997.4229228094,-4298.21602749048,0.505554191879347
"149",0.424905720308483,11.1722666093227,1.34375334139172e-06,8.90133857777258,0.642238876238247,0.649156957629765,0.56984443346147,1.60184177626957,1.38764335469249,1.35899126359093,1.48379198483869,1.52284103389982,1.49618170698487,0.566871568287405,39512223,2266.22448429426,-4314.29029172033,10.3566258498799
"150",0.694735650768096,3.96129110674765,2.36522518070768e-06,1.44084391906079,0.844513178469688,0.359035666400472,0.921445624851377,0.733768095656733,0.595277946931131,0.474884448409851,0.650132340612231,0.633873122091445,0.522888983474744,0.429678558749103,39512223,1988.12779306124,-4343.50279441879,3.53072082578551
"151",0.944534989368342,4.30782040060039,1.21151006338967e-07,0.549607373473054,0.862808782130289,0.981157244610153,0.817273152123737,1.18141145678145,0.963808799391381,0.84230631553896,1.08111454988082,1.04514178957227,0.865209996090224,0.640131998649491,39512223,3965.42412628455,-4367.19807697187,1.92101163830417
"152",0.516014448765126,27.1938305462915,2.66150907266229e-07,3.07348078005407,0.838230023677793,0.580585957413871,0.435454401046095,1.23682328517678,1.08669948745819,0.978291727561897,1.12690991334284,1.14452528837822,1.10114186454411,0.593319045061756,39512223,3151.20392452017,-4371.84139275395,3.80358932151574
"153",0.256129001099178,4.73503741836376,1.01911611288599e-08,0.640690429269712,0.501351863258691,0.0332455524275061,0.334791601984239,1.08964177550163,0.374752842298024,0.100600121750356,0.319617139429459,8.40004520433293,1.7878144679382,0.0896043175835373,39512223,18529.9038836641,-4376.2519096101,6.4970634775598
"154",0.269604241721409,12.7793036161888,2.88405529003926e-06,2.91722510930668,0.472493378825843,0.657711107707143,0.350220731529873,2.04000442646248,1.64110536329231,1.46238756961398,1.83919395636027,1.7988127414855,1.62559038131525,0.483719267711651,39512223,2075.75279735008,-4384.43512363076,1.30572146011705
"155",0.146878649469519,9.15318827201502,4.56132369012671e-06,3.80382717129119,0.709307542074645,0.0354791290336607,1.48272339649683,0.986514621539546,0.663893483224249,0.472224863219769,2.71512088321186,4.20114351777393,1.60726232799343,0.106992109399075,39512223,72266.1412358706,-4394.83124052096,0.0442347678789156
"156",0.227913800185533,5.65999907775303,6.98167356793226e-07,0.843593061533299,0.703943888075921,0.0291114188372129,1.0960047804587,0.636984034439021,0.368231981733024,0.444672328095927,1.53792994589855,5.49805136161026,2.8285982078976,0.141970695482258,39512223,47126.8499492436,-4411.30457180384,0.0484093878949655
"157",0.365208237132072,5.08615092544158,5.33526896136171e-07,4.8481767432101,0.704665791304358,0.00936542987315988,0.325444827311595,0.320237275589124,0.164448168024493,0.940655327017473,1.63208005250829,1.92388313031858,1.23295314931594,0.0864556382499218,39512223,40551.8726205658,-4414.32847499172,0.0256073632616944
"158",0.196937119277705,5.33877422741759,3.29537294277362e-06,10.015341925346,0.838868326652001,0.0320905132037171,0.402505514647402,0.620467931249121,0.371060524986571,0.437529253849954,1.32727095845893,4.57725429995241,2.43936815676155,0.172190539475029,39512223,26741.4521104466,-4422.4601954977,0.0425514336117312
"159",0.360666264852484,1.81823152411047,7.68384563082699e-07,1.26376331425201,0.727009712384868,0.00775536839603156,0.231353481258064,0.322170389877218,0.156839916464541,2.37598020913371,5.35295310567779,3.89293290343663,0.8815547835654,0.0405313240734644,39512223,91831.6692791801,-4426.1506761106,0.0142679402765305
"160",0.114496389913599,10.8754135701673,3.12128672490957e-06,1.3142330746312,0.300811221983227,0.0344356403915076,2.44696666593293,4.60047248423776,1.29686922391934,0.831446970386813,1.74465178296163,5.97138022801384,0.987050700847264,0.103910122485426,39512223,1886.91092348407,-4443.88197057827,44.4461049197775
"161",0.943156214151597,1.51620725618883,5.1409065293371e-06,5.88430039556165,0.994859404826761,0.72009422098788,1.12831126583633,0.775560461486129,0.740517576033328,0.703955222812683,0.799339475997682,0.788599287527251,0.773675725459075,0.703582263222441,39512223,2139.69671048763,-4453.54826628893,5.25086628352756
"162",0.342375630407437,2.03354910283525,9.22561420408538e-06,0.669194494655648,0.89082937807322,0.189155783295073,0.315399210050738,0.778715918339662,0.745207653867257,0.493030923559708,0.648472188559766,1.13016081530543,1.99648659613793,0.151413590036865,39512223,2363.30882638179,-4472.14374233019,38.9182151351515
"163",0.759722004586991,2.53203484370783,3.62737669245472e-06,2.69892521550987,0.965845825420566,0.792981722899417,1.40214296021793,1.10679308813725,1.03009475477415,0.98168239811204,1.09944026677514,1.07797331822982,1.0706670513864,0.687023448347392,39512223,2143.89536629885,-4479.82204960486,12.6703262665118
"164",0.274710515872633,3.73238455159153,3.6533194128943e-06,2.84522643379942,0.762961013168775,0.358175428392418,0.342787426539343,1.64262178899378,1.30718352174698,1.1292584843635,1.36782324743272,1.37980185080328,0.925529202023198,0.913525119562259,39512223,15530.0535659944,-4511.15734488246,7.40257460033249
"165",0.282269807176092,5.73266141958161,3.33953541344078e-06,2.70961378185121,0.644298818639908,0.496296990699303,0.446953130862541,2.11209207879201,1.72430400665697,1.67624523444159,1.92608994290913,2.03158144289956,2.17849383783512,0.280547040659613,39512223,1193.11330793949,-4511.7929449386,11.1635270823421
"166",0.395410386547002,3.17509905153085,2.52899900017996e-06,2.64386576694625,0.947678805810095,0.586718813740532,0.116154096656943,1.48143478814683,1.3090899218807,1.0193135618593,1.31041411287317,1.33093067880534,0.782744309633201,0.818383124223405,39512223,7382.89574509399,-4527.69570166396,19.2215004173212
"167",0.805015078022854,15.5057150533238,2.80396646847718e-06,1.560576851523,0.498778920047454,0.351597894362369,0.00677517298555511,0.243199697754007,0.0829182647886514,3.55404243170406,5.32636944325236,8.67313490492658,2.19621717406627,0.0690152043125711,39512223,76497.1259611794,-4570.5387604558,1.26770370141097
"168",0.700720190473155,4.27864740163396,5.12798209472437e-06,1.28554207110874,0.508654359251748,0.455190229932248,0.630546787162161,0.858304214931991,0.741077677811469,0.639372769897708,0.764615852781539,0.754862368852318,0.655253508873867,0.638708494719142,39512223,2471.51239406585,-4610.48169325815,24.1524852437711
"169",0.742709360072861,2.05825270000645,9.96767403595333e-07,3.00315522587652,0.772644071572273,0.413094416270936,7.44519068163668,0.741282673668269,0.705724326295531,0.617123541772366,0.705326914107966,0.713265695343297,0.602083148762503,0.65083780629437,39512223,2369.44151063755,-4618.3831665711,2.88566253605396
"170",0.735218757285588,7.71295254947794,4.43265269407926e-06,1.76808932844341,0.559165942472602,0.87214412700064,0.664534697213639,1.13053534619928,0.984791442710728,0.938494432537675,1.03842155205831,1.02495482258479,0.955778135197085,0.710284814849972,39512223,2087.0971105043,-4619.84303206546,17.3719929299338
"171",1.58467121005042,1.92778059518904,0.000128522873148931,2.34229913212799,0.96656798469312,1.45870833694303,0.708661790081151,0.897852925716273,0.827360285679844,0.829235743904572,0.887374990509304,0.860932925872961,0.846274055813207,0.829661809687075,39512223,2137.73865842342,-4647.00309630261,11.1730723350687
"172",0.284664617068567,10.0047379394896,2.35210050839438e-06,2.03083854291673,0.497401350795515,0.0421478289103243,0.709355313457531,0.869967389253804,0.438201595616662,0.438709880468578,0.96256700452464,2.18156252659181,1.85508562309626,0.146506778805261,39512223,11889.5172545413,-4647.47009038387,4.99319978319936
"173",1.14427455793205,9.78355765042247,1.83715639529522e-07,0.545721364783818,0.962475049702456,0.431565777447049,0.00461208312328156,0.402715717218087,5.71588597732608,1.19442305063741,0.919268691322762,2.27405598461247,0.978448246681569,0.235676346276526,39512223,541354.116387035,-4685.70264206808,0.00999230472778234
"174",0.6387952004596,0.757900549245748,4.45962512145837e-06,3.19526240122989,0.705483084199482,0.847684244479112,3.10207897530661,1.245583593488,1.20779215907888,1.14957673827917,1.2474335583535,1.27644948953463,1.28928598998396,0.485334735195266,39512223,702.115548865407,-4706.93597461329,23.5489568348475
"175",0.282264546813855,23.5005717626972,2.90419996870118e-06,2.18297697167452,0.450148644569175,0.0355598723523271,1.96554657375298,0.899291374654543,0.681633771717929,1.12796098063353,3.56213615250031,5.4824387959796,4.09116104210157,0.222385013479374,39512223,38221.6086012695,-4798.02258759781,2.59995343392539
"176",0.850008999109215,6.12685814175481,1.30796512650064e-06,1.96546294880785,0.85846273411781,0.968563866162655,1.21401671930489,1.19543213770031,1.11283983564186,1.06303985255198,1.14407219806426,1.18542664732484,1.13968958363742,0.635340666518323,39512223,1674.46436563436,-4836.59725327353,14.3139230680048
"177",0.206570462412986,4.98485138132363,2.26344489716964e-06,1.03528509992754,0.501827634958584,0.0641744986829955,1.40881700513423,1.7595604728553,0.811892539473291,0.337166565020668,0.954299826885485,1.75631399589071,2.49723370085784,0.0957961410162843,39512223,1722.43778906198,-4857.60684201096,10.1201008266323
"178",1.74238278988836,3.80357718094654,1.25780922103134e-06,3.27847572006262,0.676335188751198,0.0217413795621117,0.33399694000671,0.0509414515852857,1.26315939931378,1.3091744416747,0.42995491130284,4.63717766084008,1.14851941437615,0.135963469793972,39512223,857483.244239088,-4864.15997754843,0.0496844802727399
"179",2.83500024374876,10.6446079648272,1.02868301206368e-06,0.668240086330594,0.91142434712851,0.081587535866577,0.695367725137698,0.0908397906444809,0.113221566808091,1.12250199786165,1.44371808117614,6.91713124771019,1.44264934367518,0.235478197797416,39512223,107098.635446219,-4932.59451455123,136.494029775352
"180",0.486842661205246,11.8611148672148,3.92383448083491e-05,2.13408170108905,0.686671180746631,0.946319827097817,0.426337664666186,1.61140537735097,1.40787898925341,1.28154014828191,1.43560742007524,1.42793694524902,1.33616935503529,0.691216533984396,39512223,3059.26831673826,-5013.97609330758,27.6567456924042
"181",0.153279373452958,13.0532193325096,2.13143744228193e-06,0.441163497093295,0.499697663780826,0.576809392396586,0.0632458916680623,2.65308638356066,0.984263565319418,0.527695533407956,1.34573649779069,2.30114796273238,1.78961970346531,0.0976263718779411,39512223,1511.34795433019,-5020.29056822695,131.218862211557
"182",0.978310980016813,15.1325763711162,5.94688789035094e-07,1.96801358670557,0.945366624772424,1.01705179224232,0.7315912532699,1.04862631063023,0.986730678686793,0.917655349447279,1.0398438213991,1.02097995704786,1.02993416546251,0.720273785827813,39512223,2000.72217734588,-5090.42754218913,5.56037167701191
"183",0.322257837751189,6.49705296870861,2.63728296175582e-06,1.85319507699121,0.702330189885284,0.0606443706207301,0.121754580934005,0.836746507421112,0.406442365419114,0.382342942550597,1.03256888543824,2.05747051685825,1.88993231793712,0.122288724207092,39512223,2902.33858072003,-5113.62984399128,2.80887699672746
"184",0.92816956811604,8.4897074999348,4.09821553724506e-06,5.6810610524466,0.304298965639581,0.728266526649197,0.701263486546991,0.805201597279991,0.736240562092552,0.719761961783219,0.779874184788362,0.832565927748792,0.891996369514903,0.365475793167956,39512223,1110.59943937,-5172.03074804818,168.997961462301
"185",1.23819557445104,6.03564096621486,2.78190293790983e-06,2.20673713971888,0.856518501992145,1.1234124577613,0.955733056499382,0.874860003348011,0.829288308505445,0.786784734617417,0.860392682812245,0.848800222653202,0.8287019628102,0.955450651792353,39512223,8906.06059341184,-5400.24257985875,56.5225653622587
"186",0.142067670218428,8.79259020658776,1.28682897519688e-06,3.59963195471466,0.500030476075236,0.046316378962107,1.34739061873664,2.3980495579129,0.866864988979956,0.507657327460509,0.915475428485728,2.34726047838951,0.422196091162562,0.0973916618145403,39512223,1143.68745564794,-5538.1247759306,592.102103102326
"187",0.413882278846155,11.0795683948848,7.43414792652176e-07,0.827383436789925,0.725686808728532,0.0939185889330526,0.72565054231141,0.459934116917721,0.52048654156411,1.0433515692845,3.61700795254443,27.2147153319947,2.85327648851011,0.20671461531234,39512223,70184.5113249371,-5683.74864361099,65.2417400829512
"188",0.17877879071664,5.54107914245116,1.88925451736215e-06,0.47284135318736,0.500677824301054,0.0571956619044613,0.667156189364511,2.15755992316413,0.781825537660003,0.413448232283646,0.986390601278392,1.96690791209992,2.50566719613454,0.0956861285174469,39512223,1028.28472792291,-6255.48561398199,134.508963676221
"189",0.278184314332215,6.07762560736358,2.17347053886464e-07,0.350809136175828,0.952152872225722,0.171936612344084,0.77041415755826,0.985486319676003,0.78625833186684,1.13082118832718,2.19507500097308,14.5746555777343,4.76503336582959,0.193379907987534,39512223,50649.3424905479,-6266.4070293528,6.56693511310334
"190",0.249661813975321,3.63459275416881,1.20440511872491e-05,0.68294082395887,0.547236660637251,0.110245490919853,0.144435936138816,1.30465278564266,0.650733733570387,0.464871243558728,1.02018687262896,1.42403866266509,2.16282910188351,0.101158849566894,39512223,1666.84548815801,-6590.06437558847,126.073035997739
"191",0.569585870371796,6.74694996403417,1.72251280285097e-05,0.369956207919012,0.737250139044246,0.0966918379417117,1.71531900434472,0.798619878051195,0.366974775742779,0.303492649370676,0.733067404617663,1.36196480663158,1.87351122056775,0.104134070918338,39512223,1378.28850320299,-7288.49944530028,444.164474449341
"192",0.312841053970809,6.29371849589584,8.71757668229195e-07,0.801666703290084,0.937371402513088,0.0825079415630901,0.146463501139974,1.06555793483143,0.554892581863051,0.965889136432227,1.78415557846581,2.47965037096978,2.62016871449192,0.12990911766442,39512223,3196.79214488049,-8693.90782906928,2179.22891099062
"193",0.00158828945819724,0.000874823245481554,3.29402164241311e-06,0.36164677545712,0.985311286182188,2.96942960274385e-05,0.0726090517957098,2.28001169749287,0.324577075888024,0.0817315883995721,0.609613583209549,0.317917858858316,0.236776822606448,0.512586886855344,39512223,796.751119352048,-9259.97101569417,0.0553027524666831
"194",0.907986166135051,3.80199774547583,5.30142258829501e-06,8.87586711115966,0.463164701063731,0.465522865766251,0.868635955861138,0.796198261036953,0.667538086078253,0.657634888007099,0.781033176526632,0.811669491792668,0.908552043017174,0.2919359498245,39512223,863.556511549357,-13560.8176092341,245.794245338388
