Date,Price,Open,High,Low,Vol,Change%
18-Apr-21,"3,472.94","3,427.55","3,494.16","3,414.36",30.27B,1.35%
11-Apr-21,"3,426.62","3,445.97","3,456.16","3,373.09",130.60B,-0.70%
4-Apr-21,"3,450.68","3,491.63","3,495.91","3,442.14",114.24B,-0.97%
28-Mar-21,"3,484.39","3,429.63","3,487.59","3,409.89",139.12B,1.93%
21-Mar-21,"3,418.33","3,406.12","3,445.42","3,344.97",150.16B,0.40%
14-Mar-21,"3,404.66","3,441.88","3,478.14","3,389.29",155.81B,-1.40%
7-Mar-21,"3,453.08","3,524.98","3,542.30","3,328.31",177.46B,-1.40%
28-Feb-21,"3,501.99","3,531.48","3,577.62","3,456.67",175.30B,-0.20%
21-Feb-21,"3,509.08","3,707.19","3,717.27","3,500.70",194.94B,-5.06%
14-Feb-21,"3,696.17","3,721.09","3,731.69","3,634.01",70.14B,1.12%
7-Feb-21,"3,655.09","3,504.56","3,662.77","3,492.13",76.16B,4.54%
31-Jan-21,"3,496.33","3,477.17","3,544.01","3,465.77",142.84B,0.38%
24-Jan-21,"3,483.07","3,605.36","3,637.10","3,446.55",143.41B,-3.43%
17-Jan-21,"3,606.75","3,554.80","3,636.24","3,544.26",154.93B,1.13%
10-Jan-21,"3,566.38","3,571.32","3,622.35","3,516.99",174.63B,-0.10%
3-Jan-21,"3,570.11","3,474.68","3,588.06","3,457.21",190.99B,2.79%
27-Dec-20,"3,473.07","3,396.36","3,474.92","3,374.42",125.46B,2.25%
20-Dec-20,"3,396.56","3,394.39","3,423.61","3,348.35",147.59B,0.05%
13-Dec-20,"3,394.90","3,349.53","3,413.81","3,338.63",124.27B,1.43%
6-Dec-20,"3,347.19","3,446.65","3,449.58","3,325.17",128.81B,-2.83%
29-Nov-20,"3,444.58","3,418.16","3,465.73","3,386.91",156.87B,1.06%
22-Nov-20,"3,408.31","3,384.10","3,431.65","3,344.28",153.35B,0.91%
15-Nov-20,"3,377.73","3,325.62","3,380.15","3,313.65",136.53B,2.04%
8-Nov-20,"3,310.10","3,329.43","3,387.62","3,291.64",130.45B,-0.06%
1-Nov-20,"3,312.16","3,228.72","3,326.46","3,209.91",109.23B,2.72%
25-Oct-20,"3,224.53","3,258.70","3,289.77","3,219.42",90.49B,-1.63%
18-Oct-20,"3,278.00","3,351.10","3,371.09","3,276.62",89.52B,-1.75%
11-Oct-20,"3,336.36","3,287.33","3,361.83","3,286.11",104.85B,1.96%
4-Oct-20,"3,272.08","3,262.61","3,280.51","3,260.19",18.83B,1.68%
27-Sep-20,"3,218.05","3,224.98","3,244.91","3,202.34",46.08B,-0.04%
20-Sep-20,"3,219.42","3,348.90","3,350.59","3,208.03",97.12B,-3.56%
13-Sep-20,"3,338.09","3,275.92","3,338.32","3,248.50",107.12B,2.38%
6-Sep-20,"3,260.35","3,349.92","3,368.24","3,220.54",141.74B,-2.83%
30-Aug-20,"3,355.37","3,416.55","3,442.74","3,328.55",130.90B,-1.42%
23-Aug-20,"3,403.81","3,391.11","3,408.87","3,312.99",134.62B,0.68%
16-Aug-20,"3,380.68","3,373.90","3,456.72","3,352.78",184.41B,0.61%
9-Aug-20,"3,360.10","3,341.53","3,409.06","3,263.27",179.05B,0.18%
2-Aug-20,"3,354.04","3,332.18","3,392.70","3,307.71",205.48B,1.33%
26-Jul-20,"3,310.01","3,210.39","3,333.79","3,174.66",160.81B,3.54%
19-Jul-20,"3,196.77","3,243.91","3,381.98","3,184.96",200.52B,-0.54%
12-Jul-20,"3,214.13","3,379.39","3,458.79","3,181.27",244.35B,-5.00%
5-Jul-20,"3,383.32","3,187.84","3,456.97","3,187.84",306.49B,7.31%
28-Jun-20,"3,152.81","2,973.08","3,152.81","2,951.77",155.88B,5.82%
21-Jun-20,"2,979.55","2,966.90","2,983.44","2,949.85",70.63B,0.40%
14-Jun-20,"2,967.63","2,908.28","2,973.32","2,890.03",122.42B,1.64%
7-Jun-20,"2,919.74","2,941.98","2,957.12","2,872.62",111.78B,-0.38%
31-May-20,"2,930.80","2,871.96","2,942.76","2,871.96",121.59B,2.75%
24-May-20,"2,852.35","2,816.24","2,861.92","2,802.47",95.99B,1.37%
17-May-20,"2,813.77","2,872.52","2,900.22","2,808.02",104.64B,-1.91%
10-May-20,"2,868.46","2,901.57","2,914.28","2,863.37",99.40B,-0.93%
3-May-20,"2,895.34","2,831.63","2,903.80","2,830.65",70.34B,1.23%
26-Apr-20,"2,860.08","2,812.24","2,865.59","2,758.25",90.85B,1.84%
19-Apr-20,"2,808.53","2,840.41","2,853.64","2,802.50",114.64B,-1.06%
12-Apr-20,"2,838.49","2,784.60","2,854.96","2,774.08",103.42B,1.50%
5-Apr-20,"2,796.63","2,806.97","2,833.01","2,789.98",98.53B,1.18%
29-Mar-20,"2,763.99","2,739.72","2,780.64","2,719.90",109.43B,-0.30%
22-Mar-20,"2,772.20","2,677.59","2,805.55","2,656.50",125.48B,0.97%
15-Mar-20,"2,745.62","2,897.30","2,898.03","2,646.80",150.35B,-4.91%
8-Mar-20,"2,887.43","2,987.18","3,010.03","2,799.98",183.46B,-4.85%
1-Mar-20,"3,034.51","2,899.31","3,074.26","2,899.31",193.83B,5.35%
23-Feb-20,"2,880.30","3,027.89","3,042.18","2,878.54",203.28B,-5.24%
16-Feb-20,"3,039.67","2,924.99","3,058.90","2,924.99",165.03B,4.20%
9-Feb-20,"2,917.01","2,860.50","2,935.41","2,851.05",133.83B,1.43%
2-Feb-20,"2,875.96","2,716.70","2,876.59","2,685.27",151.56B,-3.38%
26-Jan-20,"2,976.53","2,976.53","2,976.53","2,976.53",-,0.00%
19-Jan-20,"2,976.53","3,082.11","3,096.31","2,955.35",94.19B,-3.22%
12-Jan-20,"3,075.50","3,091.49","3,127.17","3,067.25",103.66B,-0.54%
5-Jan-20,"3,092.29","3,070.91","3,107.20","3,059.13",134.09B,0.28%
29-Dec-19,"3,083.79","2,998.17","3,098.10","2,983.34",101.95B,2.62%
22-Dec-19,"3,005.04","2,999.04","3,036.11","2,960.43",97.39B,0.00%
15-Dec-19,"3,004.94","2,970.97","3,039.38","2,958.71",117.27B,1.26%
8-Dec-19,"2,967.68","2,914.46","2,969.98","2,902.79",86.02B,1.91%
1-Dec-19,"2,912.01","2,874.45","2,912.01","2,857.32",65.54B,1.39%
24-Nov-19,"2,871.98","2,885.61","2,915.04","2,858.58",72.46B,-0.46%
17-Nov-19,"2,885.29","2,889.55","2,933.99","2,873.99",67.93B,-0.21%
10-Nov-19,"2,891.34","2,949.96","2,949.96","2,891.20",68.21B,-2.46%
3-Nov-19,"2,964.18","2,964.58","3,008.31","2,962.84",79.91B,0.20%
27-Oct-19,"2,958.20","2,958.69","2,980.13","2,917.15",82.01B,0.11%
20-Oct-19,"2,954.93","2,933.90","2,958.24","2,917.69",63.72B,0.57%
13-Oct-19,"2,938.14","2,993.96","3,026.38","2,933.24",78.64B,-1.19%
6-Oct-19,"2,973.66","2,905.76","2,980.79","2,891.54",55.14B,2.36%
29-Sep-19,"2,905.19","2,927.92","2,936.48","2,905.19",11.66B,-0.92%
22-Sep-19,"2,932.17","2,998.40","3,002.90","2,920.93",82.24B,-2.47%
15-Sep-19,"3,006.45","3,041.92","3,042.93","2,970.57",95.81B,-0.82%
8-Sep-19,"3,031.24","3,023.78","3,033.47","3,004.22",91.02B,1.05%
1-Sep-19,"2,999.60","2,886.94","3,015.84","2,883.68",113.95B,3.93%
25-Aug-19,"2,886.24","2,851.02","2,919.64","2,849.24",93.37B,-0.39%
18-Aug-19,"2,897.43","2,835.52","2,902.46","2,829.85",87.16B,2.61%
11-Aug-19,"2,823.82","2,781.98","2,840.32","2,756.83",70.78B,1.77%
4-Aug-19,"2,774.75","2,854.58","2,863.69","2,733.92",85.40B,-3.25%
28-Jul-19,"2,867.84","2,943.92","2,965.63","2,851.44",74.46B,-2.60%
21-Jul-19,"2,944.54","2,925.79","2,948.33","2,879.69",75.03B,0.70%
14-Jul-19,"2,924.20","2,921.55","2,955.00","2,886.70",74.84B,-0.22%
7-Jul-19,"2,930.55","2,997.81","2,997.81","2,905.81",77.36B,-2.67%
30-Jun-19,"3,011.06","3,024.62","3,048.48","2,990.92",102.88B,1.08%
23-Jun-19,"2,978.88","3,004.29","3,012.83","2,948.99",100.55B,-0.77%
16-Jun-19,"3,001.98","2,880.42","3,010.35","2,874.31",111.04B,4.16%
9-Jun-19,"2,881.97","2,833.01","2,927.43","2,824.36",109.58B,1.92%
2-Jun-19,"2,827.80","2,901.74","2,920.83","2,822.19",76.30B,-2.45%
26-May-19,"2,898.70","2,851.28","2,934.98","2,833.04",102.00B,1.60%
19-May-19,"2,852.99","2,874.80","2,919.24","2,838.45",98.54B,-1.02%
12-May-19,"2,882.30","2,905.07","2,956.78","2,872.83",116.56B,-1.94%
5-May-19,"2,939.21","2,984.73","2,986.54","2,838.38",129.41B,-4.52%
28-Apr-19,"3,078.34","3,090.63","3,107.76","3,050.03",51.44B,-0.26%
21-Apr-19,"3,086.40","3,278.49","3,279.49","3,085.80",156.32B,-5.64%
14-Apr-19,"3,270.80","3,233.46","3,275.33","3,153.21",170.50B,2.58%
7-Apr-19,"3,188.63","3,271.27","3,288.45","3,168.04",189.16B,-1.78%
31-Mar-19,"3,246.57","3,111.66","3,254.14","3,111.66",181.29B,5.04%
24-Mar-19,"3,090.76","3,058.80","3,093.03","2,987.77",168.84B,-0.43%
17-Mar-19,"3,104.15","3,027.80","3,125.02","3,009.51",188.64B,2.73%
10-Mar-19,"3,021.75","2,969.08","3,093.39","2,963.58",210.49B,1.75%
3-Mar-19,"2,969.86","3,015.94","3,129.94","2,969.58",266.65B,-0.81%
24-Feb-19,"2,994.01","2,838.39","2,997.49","2,838.39",226.52B,6.77%
17-Feb-19,"2,804.23","2,699.82","2,804.23","2,699.82",139.46B,4.54%
10-Feb-19,"2,682.39","2,613.17","2,729.45","2,613.17",97.58B,2.45%
27-Jan-19,"2,618.23","2,615.71","2,630.32","2,559.98",70.94B,0.63%
20-Jan-19,"2,601.72","2,599.06","2,618.98","2,569.70",76.08B,0.22%
13-Jan-19,"2,596.01","2,553.33","2,598.88","2,532.43",80.76B,1.65%
6-Jan-19,"2,553.83","2,528.70","2,574.41","2,515.51",83.66B,1.55%
30-Dec-18,"2,514.87","2,497.88","2,515.32","2,440.91",40.32B,0.84%
23-Dec-18,"2,493.90","2,506.74","2,532.00","2,462.84",60.15B,-0.89%
16-Dec-18,"2,516.25","2,587.26","2,599.15","2,498.69",57.83B,-2.99%
9-Dec-18,"2,593.74","2,589.19","2,645.84","2,576.24",61.47B,-0.47%
2-Dec-18,"2,605.89","2,647.13","2,666.08","2,599.28",78.07B,0.68%
25-Nov-18,"2,588.19","2,580.84","2,617.55","2,555.32",70.04B,0.34%
18-Nov-18,"2,579.48","2,681.90","2,703.51","2,577.35",97.09B,-3.72%
11-Nov-18,"2,679.11","2,593.20","2,695.57","2,590.21",111.28B,3.09%
4-Nov-18,"2,598.87","2,665.43","2,675.68","2,598.16",84.27B,-2.90%
28-Oct-18,"2,676.48","2,593.59","2,676.48","2,521.78",90.74B,2.99%
21-Oct-18,"2,598.85","2,565.64","2,675.41","2,531.53",87.13B,1.90%
14-Oct-18,"2,550.47","2,605.91","2,611.97","2,449.20",64.07B,-2.17%
7-Oct-18,"2,606.91","2,768.21","2,771.94","2,536.67",74.70B,-7.60%
23-Sep-18,"2,821.35","2,775.07","2,827.34","2,771.16",50.98B,0.85%
16-Sep-18,"2,797.48","2,671.29","2,797.49","2,644.30",61.50B,4.32%
9-Sep-18,"2,681.64","2,698.01","2,703.43","2,647.17",50.08B,-0.76%
2-Sep-18,"2,702.30","2,716.40","2,756.61","2,683.72",52.28B,-0.84%
26-Aug-18,"2,725.25","2,736.32","2,791.39","2,710.54",56.75B,-0.15%
19-Aug-18,"2,729.43","2,673.07","2,748.82","2,653.11",51.70B,2.27%
12-Aug-18,"2,668.97","2,769.02","2,789.80","2,665.59",58.60B,-4.52%
5-Aug-18,"2,795.31","2,736.53","2,806.11","2,692.32",70.02B,2.00%
29-Jul-18,"2,740.44","2,871.94","2,897.40","2,726.48",72.13B,-4.63%
22-Jul-18,"2,873.59","2,815.20","2,915.30","2,809.62",88.56B,1.57%
15-Jul-18,"2,829.27","2,827.08","2,837.86","2,753.84",59.45B,-0.07%
8-Jul-18,"2,831.18","2,752.45","2,844.19","2,752.43",63.01B,3.06%
1-Jul-18,"2,747.23","2,841.58","2,845.68","2,691.02",66.83B,-3.52%
24-Jun-18,"2,847.42","2,903.45","2,908.62","2,782.38",62.13B,-1.47%
17-Jun-18,"2,889.76","2,982.65","2,984.97","2,837.14",65.54B,-4.37%
10-Jun-18,"3,021.90","3,057.34","3,081.45","3,008.73",60.14B,-1.48%
3-Jun-18,"3,067.15","3,083.43","3,128.72","3,053.29",61.60B,-0.26%
27-May-18,"3,075.14","3,136.81","3,149.66","3,041.00",68.99B,-2.11%
20-May-18,"3,141.30","3,206.18","3,219.74","3,131.07",71.93B,-1.63%
13-May-18,"3,193.30","3,167.04","3,193.45","3,144.78",63.49B,0.95%
6-May-18,"3,163.26","3,094.90","3,180.76","3,091.66",67.22B,2.34%
29-Apr-18,"3,091.03","3,087.41","3,105.66","3,056.16",39.29B,0.29%
22-Apr-18,"3,082.23","3,063.44","3,136.04","3,045.94",68.65B,0.35%
15-Apr-18,"3,071.54","3,152.89","3,153.11","3,041.62",77.61B,-2.77%
8-Apr-18,"3,159.05","3,125.44","3,220.85","3,110.30",75.95B,0.89%
1-Apr-18,"3,131.11","3,169.78","3,192.34","3,119.13",47.69B,-1.19%
25-Mar-18,"3,168.90","3,117.32","3,177.72","3,091.46",86.39B,0.51%
18-Mar-18,"3,152.76","3,264.93","3,314.21","3,110.66",87.22B,-3.58%
11-Mar-18,"3,269.88","3,319.21","3,333.88","3,269.28",83.09B,-1.13%
4-Mar-18,"3,307.17","3,255.87","3,309.72","3,236.72",82.71B,1.62%
25-Feb-18,"3,254.53","3,307.30","3,335.99","3,228.58",82.38B,-1.05%
18-Feb-18,"3,289.02","3,237.57","3,294.13","3,234.12",28.45B,2.81%
11-Feb-18,"3,199.16","3,128.37","3,219.22","3,113.61",40.52B,2.21%
4-Feb-18,"3,129.85","3,411.67","3,487.72","3,062.74",121.68B,-9.60%
28-Jan-18,"3,462.08","3,563.64","3,587.03","3,388.86",109.83B,-2.70%
21-Jan-18,"3,558.13","3,476.99","3,574.90","3,475.67",117.53B,2.01%
14-Jan-18,"3,487.86","3,428.95","3,498.43","3,401.96",117.21B,1.72%
7-Jan-18,"3,428.94","3,391.55","3,435.42","3,384.56",98.46B,1.10%
31-Dec-17,"3,391.75","3,314.03","3,402.07","3,314.03",83.61B,2.56%
24-Dec-17,"3,307.17","3,296.21","3,312.30","3,263.73",76.90B,0.31%
17-Dec-17,"3,297.06","3,268.03","3,309.22","3,254.18",63.98B,0.95%
10-Dec-17,"3,266.14","3,290.49","3,322.67","3,259.39",62.01B,-0.72%
3-Dec-17,"3,289.99","3,310.38","3,324.00","3,254.61",77.33B,-0.83%
26-Nov-17,"3,317.62","3,346.66","3,347.05","3,300.78",78.43B,-1.08%
19-Nov-17,"3,353.82","3,361.36","3,442.18","3,328.33",96.18B,-0.86%
12-Nov-17,"3,382.91","3,435.18","3,450.49","3,373.30",97.68B,-1.45%
5-Nov-17,"3,432.67","3,369.68","3,438.79","3,356.53",87.86B,1.81%
29-Oct-17,"3,371.74","3,413.87","3,419.73","3,347.36",88.20B,-1.32%
22-Oct-17,"3,416.81","3,382.28","3,421.10","3,374.12",74.79B,1.13%
15-Oct-17,"3,378.65","3,393.21","3,400.51","3,359.63",74.26B,-0.35%
8-Oct-17,"3,390.52","3,403.25","3,410.17","3,358.80",85.44B,1.24%
24-Sep-17,"3,348.94","3,344.59","3,357.02","3,332.60",73.96B,-0.11%
17-Sep-17,"3,352.53","3,352.51","3,377.88","3,334.98",95.03B,-0.03%
10-Sep-17,"3,353.62","3,365.35","3,391.64","3,345.33",112.75B,-0.35%
3-Sep-17,"3,365.24","3,369.72","3,391.01","3,353.69",113.26B,-0.06%
27-Aug-17,"3,367.12","3,336.13","3,381.93","3,336.13",124.07B,1.07%
20-Aug-17,"3,331.52","3,274.58","3,331.91","3,266.36",92.18B,1.92%
13-Aug-17,"3,268.72","3,206.04","3,275.08","3,206.04",94.42B,1.88%
6-Aug-17,"3,208.54","3,257.67","3,285.48","3,200.75",122.25B,-1.64%
30-Jul-17,"3,262.08","3,252.75","3,305.43","3,251.19",125.91B,0.27%
23-Jul-17,"3,253.24","3,230.90","3,264.85","3,220.64",106.29B,0.47%
16-Jul-17,"3,237.98","3,219.79","3,247.71","3,139.50",116.74B,0.48%
9-Jul-17,"3,222.42","3,208.46","3,226.91","3,177.93",92.91B,0.14%
2-Jul-17,"3,217.96","3,192.00","3,219.52","3,174.31",78.22B,0.80%
25-Jun-17,"3,192.43","3,157.00","3,193.46","3,156.98",71.85B,1.09%
18-Jun-17,"3,157.87","3,122.16","3,186.98","3,118.09",75.90B,1.11%
11-Jun-17,"3,123.17","3,149.53","3,164.95","3,117.08",69.00B,-1.12%
4-Jun-17,"3,158.40","3,102.11","3,165.92","3,078.79",73.17B,1.70%
28-May-17,"3,105.54","3,125.33","3,143.28","3,081.85",45.85B,-0.15%
21-May-17,"3,110.06","3,087.17","3,120.66","3,022.30",81.91B,0.63%
14-May-17,"3,090.63","3,085.93","3,119.58","3,060.53",75.64B,0.23%
7-May-17,"3,083.51","3,090.07","3,093.45","3,016.53",82.74B,-0.63%
30-Apr-17,"3,103.04","3,147.23","3,154.78","3,092.09",67.22B,-1.64%
23-Apr-17,"3,154.66","3,164.25","3,164.25","3,097.33",88.43B,-0.58%
16-Apr-17,"3,173.15","3,229.95","3,229.95","3,147.07",97.03B,-2.25%
9-Apr-17,"3,246.07","3,285.46","3,290.39","3,238.90",120.52B,-1.23%
2-Apr-17,"3,286.62","3,235.66","3,295.19","3,233.24",72.97B,1.99%
26-Mar-17,"3,222.51","3,268.92","3,283.24","3,195.85",102.32B,-1.44%
19-Mar-17,"3,269.45","3,241.11","3,275.21","3,221.93",93.58B,0.99%
12-Mar-17,"3,237.45","3,209.45","3,274.19","3,193.16",84.47B,0.77%
5-Mar-17,"3,212.76","3,217.33","3,245.30","3,205.28",78.49B,-0.17%
26-Feb-17,"3,218.31","3,249.19","3,259.98","3,206.61",86.28B,-1.08%
19-Feb-17,"3,253.43","3,198.96","3,264.08","3,198.96",104.69B,1.60%
12-Feb-17,"3,202.08","3,198.99","3,238.40","3,198.99",109.37B,0.17%
5-Feb-17,"3,196.70","3,143.09","3,205.05","3,132.03",83.14B,1.80%
29-Jan-17,"3,140.17","3,160.08","3,162.68","3,136.01",9.22B,-0.60%
22-Jan-17,"3,159.17","3,125.42","3,163.10","3,125.42",48.46B,1.15%
15-Jan-17,"3,123.14","3,104.49","3,125.66","3,044.29",77.20B,0.33%
8-Jan-17,"3,112.76","3,148.53","3,174.58","3,102.16",83.50B,-1.32%
1-Jan-17,"3,154.32","3,105.31","3,172.03","3,105.31",66.79B,1.63%
25-Dec-16,"3,103.64","3,095.58","3,127.88","3,068.41",69.57B,-0.21%
18-Dec-16,"3,110.15","3,120.70","3,143.17","3,084.80",83.23B,-0.41%
11-Dec-16,"3,122.98","3,233.67","3,245.09","3,100.91",101.62B,-3.40%
4-Dec-16,"3,232.88","3,203.78","3,244.80","3,189.49",92.44B,-0.34%
27-Nov-16,"3,243.84","3,270.05","3,301.21","3,235.28",134.33B,-0.55%
20-Nov-16,"3,261.94","3,188.50","3,262.88","3,188.28",120.85B,2.16%
13-Nov-16,"3,192.86","3,187.71","3,221.46","3,186.80",121.63B,-0.10%
6-Nov-16,"3,196.04","3,124.89","3,202.74","3,096.95",116.64B,2.26%
30-Oct-16,"3,125.32","3,097.19","3,141.33","3,081.07",91.51B,0.68%
23-Oct-16,"3,104.27","3,092.05","3,137.03","3,090.79",97.53B,0.43%
16-Oct-16,"3,090.94","3,064.69","3,101.85","3,033.75",87.63B,0.89%
9-Oct-16,"3,063.81","3,020.46","3,066.10","3,014.62",77.99B,1.97%
25-Sep-16,"3,004.70","3,028.24","3,028.24","2,969.13",58.52B,-0.96%
18-Sep-16,"3,033.90","3,005.32","3,054.44","3,005.32",61.88B,1.03%
11-Sep-16,"3,002.85","3,037.51","3,040.95","2,995.42",47.48B,-2.47%
4-Sep-16,"3,078.85","3,070.71","3,105.68","3,053.19",81.14B,0.37%
28-Aug-16,"3,067.35","3,068.46","3,088.70","3,050.49",73.19B,-0.10%
21-Aug-16,"3,070.31","3,107.38","3,112.74","3,041.51",81.62B,-1.22%
14-Aug-16,"3,108.10","3,056.48","3,140.44","3,053.87",121.35B,1.88%
7-Aug-16,"3,050.67","2,972.62","3,051.05","2,959.05",82.05B,2.48%
31-Jul-16,"2,976.70","2,971.95","2,991.68","2,931.96",67.98B,-0.09%
24-Jul-16,"2,979.34","3,008.09","3,057.42","2,939.23",92.17B,-1.11%
17-Jul-16,"3,012.82","3,047.64","3,058.32","3,007.46",79.69B,-1.36%
10-Jul-16,"3,054.30","2,993.75","3,069.05","2,984.42",109.05B,2.22%
3-Jul-16,"2,988.09","2,924.29","3,024.11","2,922.52",106.13B,1.90%
26-Jun-16,"2,932.48","2,840.56","2,944.99","2,840.28",81.95B,2.74%
19-Jun-16,"2,854.29","2,887.64","2,919.30","2,807.60",75.85B,-1.07%
12-Jun-16,"2,885.11","2,897.27","2,911.16","2,811.78",80.10B,-1.44%
5-Jun-16,"2,927.16","2,940.99","2,945.94","2,908.37",41.80B,-0.39%
29-May-16,"2,938.68","2,814.65","2,945.52","2,794.66",84.17B,4.17%
22-May-16,"2,821.05","2,826.31","2,848.07","2,780.76",56.01B,-0.16%
15-May-16,"2,825.48","2,816.78","2,860.32","2,781.42",59.88B,-0.06%
8-May-16,"2,827.11","2,896.16","2,896.16","2,781.24",68.77B,-2.96%
1-May-16,"2,913.25","2,940.39","3,004.42","2,913.04",68.57B,-0.85%
24-Apr-16,"2,938.32","2,949.97","2,976.02","2,916.37",62.24B,-0.71%
17-Apr-16,"2,959.24","3,058.46","3,058.46","2,905.05",94.96B,-3.86%
10-Apr-16,"3,078.12","3,006.91","3,097.16","3,001.32",111.06B,3.12%
3-Apr-16,"2,984.96","3,000.94","3,062.36","2,960.46",89.78B,-0.82%
27-Mar-16,"3,009.53","2,988.01","3,023.41","2,905.25",102.23B,1.01%
20-Mar-16,"2,979.43","2,978.46","3,028.32","2,952.11",125.18B,0.82%
13-Mar-16,"2,955.15","2,830.08","2,971.55","2,819.79",105.83B,5.15%
6-Mar-16,"2,810.31","2,886.64","2,911.84","2,772.55",90.05B,-2.22%
28-Feb-16,"2,874.15","2,754.81","2,880.37","2,638.96",126.56B,3.86%
21-Feb-16,"2,767.21","2,888.60","2,933.96","2,715.87",110.67B,-3.25%
14-Feb-16,"2,860.02","2,684.96","2,893.21","2,682.09",92.47B,3.49%
31-Jan-16,"2,763.49","2,730.98","2,793.30","2,655.62",77.44B,0.95%
24-Jan-16,"2,737.60","2,934.08","2,955.78","2,638.30",93.74B,-6.14%
17-Jan-16,"2,916.56","2,847.54","3,016.28","2,844.70",93.80B,0.54%
10-Jan-16,"2,900.97","3,131.85","3,166.22","2,867.55",108.52B,-8.96%
3-Jan-16,"3,186.41","3,536.59","3,538.69","3,056.88",104.72B,-9.97%
27-Dec-15,"3,539.18","3,635.77","3,641.59","3,515.52",81.74B,-2.45%
20-Dec-15,"3,627.91","3,568.58","3,684.57","3,565.75",128.55B,1.37%
13-Dec-15,"3,578.96","3,403.51","3,614.70","3,399.28",116.69B,4.20%
6-Dec-15,"3,434.58","3,529.81","3,543.95","3,410.92",101.17B,-2.56%
29-Nov-15,"3,524.99","3,433.86","3,591.73","3,327.81",139.09B,2.58%
22-Nov-15,"3,436.30","3,630.87","3,668.38","3,412.43",149.89B,-5.35%
15-Nov-15,"3,630.50","3,522.46","3,678.27","3,519.42",151.61B,1.39%
8-Nov-15,"3,580.84","3,588.50","3,673.76","3,564.81",200.13B,-0.26%
1-Nov-15,"3,590.03","3,337.58","3,596.38","3,302.18",174.53B,6.13%
25-Oct-15,"3,382.56","3,448.65","3,457.52","3,332.62",146.65B,-0.88%
18-Oct-15,"3,412.43","3,401.63","3,447.26","3,265.44",182.67B,0.62%
11-Oct-15,"3,391.35","3,193.54","3,393.02","3,188.41",169.03B,6.54%
4-Oct-15,"3,183.15","3,156.07","3,192.72","3,133.13",46.91B,4.27%
27-Sep-15,"3,052.78","3,085.57","3,103.07","3,021.16",46.66B,-1.28%
20-Sep-15,"3,092.35","3,072.09","3,213.48","3,060.86",120.02B,-0.18%
13-Sep-15,"3,097.92","3,221.17","3,229.48","2,983.54",140.01B,-3.20%
6-Sep-15,"3,200.23","3,149.38","3,256.74","3,011.12",142.50B,1.27%
30-Aug-15,"3,160.17","3,203.56","3,207.86","3,019.09",126.80B,-2.23%
23-Aug-15,"3,232.35","3,373.48","3,388.36","2,850.71",199.71B,-7.85%
16-Aug-15,"3,507.74","3,947.84","4,006.34","3,490.54",223.96B,-11.54%
9-Aug-15,"3,965.33","3,786.03","4,000.68","3,775.85",237.70B,5.91%
2-Aug-15,"3,744.20","3,614.99","3,782.35","3,549.50",170.81B,2.20%
26-Jul-15,"3,663.73","3,985.57","4,051.16","3,537.36",236.26B,-10.00%
19-Jul-15,"4,070.91","3,948.42","4,184.45","3,912.80",275.51B,2.87%
12-Jul-15,"3,957.35","3,918.99","4,035.43","3,688.44",288.93B,2.05%
5-Jul-15,"3,877.80","3,975.21","3,975.21","3,373.54",345.36B,5.18%
28-Jun-15,"3,686.92","4,289.77","4,317.05","3,629.56",311.59B,-12.07%
21-Jun-15,"4,192.87","4,471.61","4,720.70","4,139.53",215.45B,-6.37%
14-Jun-15,"4,478.36","5,174.42","5,176.79","4,476.50",268.58B,-13.32%
7-Jun-15,"5,166.35","5,045.69","5,178.19","4,997.48",337.15B,2.85%
31-May-15,"5,023.10","4,633.10","5,051.63","4,615.23",327.58B,8.92%
24-May-15,"4,611.74","4,660.07","4,986.50","4,431.56",346.27B,-0.98%
17-May-15,"4,657.60","4,277.89","4,658.27","4,260.51",245.15B,8.10%
10-May-15,"4,308.69","4,231.27","4,415.63","4,187.82",240.99B,2.44%
3-May-15,"4,205.92","4,441.34","4,488.87","4,099.04",234.08B,-5.31%
26-Apr-15,"4,441.66","4,441.93","4,572.39","4,398.64",248.53B,1.09%
19-Apr-15,"4,393.69","4,301.35","4,444.41","4,188.57",346.78B,2.48%
12-Apr-15,"4,287.30","4,072.72","4,317.22","4,031.24",306.65B,6.27%
5-Apr-15,"4,034.31","3,899.42","4,040.35","3,891.73",225.80B,4.41%
29-Mar-15,"3,863.93","3,710.61","3,864.40","3,710.61",252.62B,4.68%
22-Mar-15,"3,691.10","3,640.10","3,715.87","3,600.70",259.51B,2.04%
15-Mar-15,"3,617.32","3,391.16","3,632.34","3,377.09",251.93B,7.25%
8-Mar-15,"3,372.91","3,224.31","3,391.26","3,198.37",157.60B,4.06%
1-Mar-15,"3,241.19","3,332.72","3,336.76","3,221.67",162.57B,-2.09%
22-Feb-15,"3,310.30","3,256.48","3,324.55","3,202.19",83.38B,1.95%
15-Feb-15,"3,246.91","3,206.14","3,255.73","3,195.88",45.21B,1.34%
8-Feb-15,"3,203.83","3,063.51","3,237.16","3,049.11",102.86B,4.16%
1-Feb-15,"3,075.91","3,148.14","3,251.21","3,052.94",130.10B,-4.19%
25-Jan-15,"3,210.36","3,347.26","3,390.22","3,210.31",152.70B,-4.22%
18-Jan-15,"3,351.76","3,189.73","3,406.79","3,095.07",188.88B,-0.73%
11-Jan-15,"3,376.49","3,258.21","3,400.32","3,191.58",141.54B,2.77%
4-Jan-15,"3,285.41","3,258.63","3,404.83","3,253.88",220.63B,1.57%
28-Dec-14,"3,234.68","3,212.56","3,239.36","3,126.94",131.38B,2.44%
21-Dec-14,"3,157.60","3,129.27","3,189.87","2,934.91",233.16B,1.58%
14-Dec-14,"3,108.60","2,921.45","3,117.53","2,890.90",235.37B,5.80%
7-Dec-14,"2,938.17","2,907.82","3,091.32","2,807.68",276.46B,0.02%
30-Nov-14,"2,937.65","2,691.72","2,978.03","2,665.69",261.98B,9.50%
23-Nov-14,"2,682.83","2,505.53","2,683.18","2,495.52",184.49B,7.88%
16-Nov-14,"2,486.79","2,506.86","2,508.77","2,437.48",98.07B,0.32%
9-Nov-14,"2,478.82","2,436.63","2,508.62","2,428.19",148.11B,2.51%
2-Nov-14,"2,418.17","2,425.22","2,454.42","2,401.75",138.46B,-0.08%
26-Oct-14,"2,420.18","2,293.57","2,423.60","2,279.84",119.49B,5.12%
19-Oct-14,"2,302.28","2,346.05","2,361.65","2,296.66",77.64B,-1.66%
12-Oct-14,"2,341.18","2,366.43","2,389.67","2,312.83",106.10B,-1.40%
5-Oct-14,"2,374.54","2,368.58","2,391.35","2,354.29",66.50B,0.45%
28-Sep-14,"2,363.87","2,353.71","2,365.49","2,346.58",39.40B,0.69%
21-Sep-14,"2,347.72","2,323.55","2,365.15","2,284.38",95.57B,0.78%
14-Sep-14,"2,329.45","2,330.19","2,347.93","2,282.79",109.24B,-0.11%
7-Sep-14,"2,331.95","2,328.43","2,343.59","2,302.77",80.25B,0.24%
31-Aug-14,"2,326.43","2,220.13","2,327.56","2,217.68",94.64B,4.93%
24-Aug-14,"2,217.20","2,241.10","2,241.55","2,193.26",67.59B,-1.05%
17-Aug-14,"2,240.81","2,229.80","2,248.94","2,211.63",83.52B,0.63%
10-Aug-14,"2,226.73","2,199.43","2,230.99","2,198.31",80.36B,1.47%
3-Aug-14,"2,194.42","2,190.04","2,226.84","2,180.60",83.76B,0.42%
27-Jul-14,"2,185.30","2,135.25","2,218.79","2,135.25",97.75B,2.76%
20-Jul-14,"2,126.61","2,057.77","2,127.22","2,049.18",66.25B,3.28%
13-Jul-14,"2,059.07","2,047.74","2,075.49","2,044.90",58.79B,0.59%
6-Jul-14,"2,046.96","2,058.13","2,064.43","2,033.00",50.86B,-0.60%
29-Jun-14,"2,059.37","2,038.61","2,066.64","2,038.53",53.26B,1.12%
22-Jun-14,"2,036.51","2,026.23","2,043.98","2,018.36",38.78B,0.49%
15-Jun-14,"2,026.67","2,070.70","2,087.32","2,010.53",43.11B,-2.13%
8-Jun-14,"2,070.71","2,024.94","2,073.60","2,023.20",39.77B,2.01%
1-Jun-14,"2,029.96","2,039.20","2,049.58","2,012.91",27.80B,-0.45%
25-May-14,"2,039.21","2,042.03","2,057.08","2,029.34",37.56B,0.23%
18-May-14,"2,034.57","2,023.01","2,041.96","1,991.06",32.67B,0.40%
11-May-14,"2,026.50","2,022.93","2,061.06","2,012.69",42.72B,0.76%
4-May-14,"2,011.13","2,022.18","2,038.70","2,001.30",38.30B,-0.75%
27-Apr-14,"2,026.36","2,033.34","2,035.99","1,997.64",24.05B,-0.50%
20-Apr-14,"2,036.52","2,085.98","2,103.08","2,035.57",44.49B,-2.92%
13-Apr-14,"2,097.75","2,127.41","2,134.43","2,081.18",47.70B,-1.54%
6-Apr-14,"2,130.54","2,054.53","2,146.67","2,052.90",52.73B,3.48%
30-Mar-14,"2,058.83","2,043.05","2,066.01","2,024.19",47.21B,0.84%
23-Mar-14,"2,041.71","2,050.83","2,079.55","2,035.24",62.30B,-0.29%
16-Mar-14,"2,047.62","2,009.88","2,052.47","1,986.07",53.30B,2.16%
9-Mar-14,"2,004.34","2,042.35","2,042.63","1,974.38",49.85B,-2.60%
2-Mar-14,"2,057.91","2,052.08","2,079.49","2,030.95",56.41B,0.08%
23-Feb-14,"2,056.30","2,099.72","2,099.72","2,014.38",61.76B,-2.72%
16-Feb-14,"2,113.69","2,124.88","2,177.98","2,098.33",70.91B,-0.10%
9-Feb-14,"2,115.85","2,049.98","2,122.83","2,049.98",65.09B,3.49%
2-Feb-14,"2,044.50","2,022.32","2,044.73","2,014.70",7.36B,0.56%
26-Jan-14,"2,033.08","2,044.27","2,051.58","2,026.99",29.78B,-1.04%
19-Jan-14,"2,054.39","2,001.89","2,060.99","1,984.82",39.22B,2.47%
12-Jan-14,"2,004.95","2,014.98","2,034.71","2,000.40",34.44B,-0.41%
5-Jan-14,"2,013.30","2,078.68","2,078.68","2,008.01",37.62B,-3.35%
29-Dec-13,"2,083.14","2,108.88","2,120.27","2,075.90",30.75B,-0.86%
22-Dec-13,"2,101.25","2,089.54","2,111.81","2,068.54",35.88B,0.79%
15-Dec-13,"2,084.79","2,197.23","2,201.70","2,082.85",40.40B,-5.07%
8-Dec-13,"2,196.07","2,241.79","2,250.50","2,183.84",48.30B,-1.83%
1-Dec-13,"2,237.11","2,203.12","2,260.87","2,172.63",67.08B,0.75%
24-Nov-13,"2,220.50","2,186.06","2,234.39","2,176.18",56.55B,1.10%
17-Nov-13,"2,196.38","2,147.37","2,211.07","2,143.77",65.27B,2.83%
10-Nov-13,"2,135.83","2,103.30","2,153.21","2,078.99",44.71B,1.41%
3-Nov-13,"2,106.13","2,156.09","2,166.17","2,103.51",43.35B,-2.02%
27-Oct-13,"2,149.56","2,135.88","2,163.66","2,093.20",54.83B,0.78%
20-Oct-13,"2,132.96","2,198.11","2,230.28","2,122.68",64.91B,-2.77%
13-Oct-13,"2,193.78","2,232.22","2,242.98","2,183.25",70.48B,-1.54%
6-Oct-13,"2,228.15","2,171.90","2,228.87","2,161.49",56.43B,2.46%
29-Sep-13,"2,174.66","2,167.73","2,176.30","2,165.16",9.28B,0.68%
22-Sep-13,"2,160.03","2,199.36","2,223.07","2,149.59",69.96B,-1.45%
15-Sep-13,"2,191.85","2,244.46","2,248.47","2,172.04",42.45B,-1.98%
8-Sep-13,"2,236.22","2,151.35","2,270.27","2,151.35",108.27B,4.50%
1-Sep-13,"2,139.99","2,104.09","2,143.24","2,078.46",69.99B,1.98%
25-Aug-13,"2,098.38","2,061.42","2,114.39","2,056.13",71.10B,1.99%
18-Aug-13,"2,057.46","2,055.13","2,098.98","2,029.36",49.56B,-0.53%
11-Aug-13,"2,068.45","2,058.42","2,198.85","2,055.72",61.97B,0.79%
4-Aug-13,"2,052.23","2,031.72","2,069.56","2,025.23",47.83B,1.12%
28-Jul-13,"2,029.42","1,997.84","2,047.08","1,965.36",41.09B,0.92%
21-Jul-13,"2,010.85","1,977.73","2,051.53","1,970.64",47.14B,0.91%
14-Jul-13,"1,992.65","2,046.12","2,076.66","1,990.25",49.82B,-2.30%
7-Jul-13,"2,039.49","1,983.21","2,092.87","1,946.37",51.96B,1.61%
30-Jun-13,"2,007.20","1,965.99","2,022.14","1,957.57",44.97B,1.41%
23-Jun-13,"1,979.21","2,068.86","2,068.86","1,849.65",55.51B,-4.53%
16-Jun-13,"2,073.10","2,165.99","2,169.36","2,042.88",37.83B,-4.11%
9-Jun-13,"2,162.04","2,190.10","2,190.10","2,126.22",17.22B,-2.21%
2-Jun-13,"2,210.90","2,300.21","2,313.43","2,205.07",44.68B,-3.90%
26-May-13,"2,300.59","2,286.66","2,334.33","2,281.47",58.53B,0.53%
19-May-13,"2,288.53","2,286.33","2,314.18","2,270.25",61.71B,0.25%
12-May-13,"2,282.87","2,247.68","2,288.09","2,205.87",47.76B,1.60%
5-May-13,"2,246.83","2,212.49","2,255.21","2,212.49",45.80B,1.87%
28-Apr-13,"2,205.50","2,170.78","2,222.81","2,161.14",15.69B,1.27%
21-Apr-13,"2,177.91","2,236.40","2,245.12","2,173.86",45.68B,-2.97%
14-Apr-13,"2,244.64","2,199.91","2,250.11","2,165.78",40.12B,1.72%
7-Apr-13,"2,206.78","2,196.24","2,242.48","2,180.67",39.03B,-0.83%
31-Mar-13,"2,225.30","2,229.46","2,253.42","2,217.25",24.89B,-0.51%
24-Mar-13,"2,236.62","2,334.73","2,344.89","2,228.81",51.10B,-3.94%
17-Mar-13,"2,328.28","2,267.29","2,332.00","2,232.02",53.23B,2.19%
10-Mar-13,"2,278.40","2,314.68","2,333.29","2,250.01",48.95B,-1.73%
3-Mar-13,"2,318.61","2,332.08","2,352.02","2,259.25",67.28B,-1.73%
24-Feb-13,"2,359.51","2,320.62","2,369.65","2,289.89",55.11B,1.96%
17-Feb-13,"2,314.16","2,441.91","2,444.80","2,308.76",59.10B,-4.86%
3-Feb-13,"2,432.40","2,425.92","2,443.03","2,394.22",66.40B,0.55%
27-Jan-13,"2,419.02","2,295.35","2,421.15","2,295.35",70.06B,5.57%
20-Jan-13,"2,291.30","2,321.49","2,362.94","2,287.30",65.60B,-1.11%
13-Jan-13,"2,317.07","2,236.29","2,332.78","2,235.11",70.84B,3.30%
6-Jan-13,"2,243.00","2,271.66","2,295.48","2,234.95",60.82B,-1.49%
30-Dec-12,"2,276.99","2,236.46","2,296.11","2,236.46",26.75B,1.96%
23-Dec-12,"2,233.25","2,150.65","2,234.87","2,146.86",58.86B,3.71%
16-Dec-12,"2,153.31","2,152.10","2,190.40","2,142.95",56.75B,0.12%
9-Dec-12,"2,150.63","2,067.32","2,152.50","2,059.47",52.05B,4.31%
2-Dec-12,"2,061.79","1,977.25","2,065.74","1,949.46",44.06B,4.12%
25-Nov-12,"1,980.12","2,023.34","2,027.27","1,959.33",25.83B,-2.33%
18-Nov-12,"2,027.38","2,013.25","2,034.88","1,995.17",23.83B,0.63%
11-Nov-12,"2,014.72","2,069.21","2,079.57","2,001.72",26.60B,-2.63%
4-Nov-12,"2,069.07","2,113.33","2,123.33","2,062.42",32.31B,-2.27%
28-Oct-12,"2,117.05","2,061.85","2,119.22","2,053.09",33.32B,2.46%
21-Oct-12,"2,066.21","2,118.52","2,138.03","2,058.06",36.97B,-2.92%
14-Oct-12,"2,128.30","2,105.02","2,137.69","2,085.11",32.65B,1.11%
7-Oct-12,"2,104.93","2,084.85","2,127.31","2,063.09",36.14B,0.90%
23-Sep-12,"2,086.17","2,015.77","2,089.63","1,999.48",31.24B,2.93%
16-Sep-12,"2,026.69","2,120.62","2,121.58","2,018.26",31.02B,-4.57%
9-Sep-12,"2,123.85","2,128.07","2,140.17","2,107.22",43.84B,-0.18%
2-Sep-12,"2,127.76","2,044.82","2,145.00","2,029.05",37.18B,3.92%
26-Aug-12,"2,047.52","2,085.37","2,085.37","2,032.54",27.51B,-2.13%
19-Aug-12,"2,092.10","2,102.23","2,124.19","2,089.02",28.46B,-1.08%
12-Aug-12,"2,114.89","2,164.04","2,164.04","2,100.79",28.31B,-2.49%
5-Aug-12,"2,168.81","2,129.15","2,176.80","2,127.26",36.07B,1.69%
29-Jul-12,"2,132.80","2,128.16","2,137.74","2,100.25",26.61B,0.19%
22-Jul-12,"2,128.76","2,154.17","2,158.95","2,120.63",26.36B,-1.84%
15-Jul-12,"2,168.64","2,187.89","2,197.79","2,138.79",33.29B,-0.79%
8-Jul-12,"2,185.89","2,210.71","2,216.70","2,152.67",33.24B,-1.70%
1-Jul-12,"2,223.58","2,234.32","2,244.83","2,185.52",31.47B,-0.08%
24-Jun-12,"2,225.43","2,253.51","2,253.51","2,188.72",27.94B,-1.57%
17-Jun-12,"2,260.88","2,313.53","2,325.05","2,253.79",23.38B,-1.99%
10-Jun-12,"2,306.85","2,282.89","2,319.71","2,278.16",34.29B,1.11%
3-Jun-12,"2,281.45","2,346.98","2,348.20","2,276.71",34.29B,-3.88%
27-May-12,"2,373.44","2,325.32","2,393.28","2,309.07",45.68B,1.71%
20-May-12,"2,333.55","2,343.58","2,378.08","2,327.41",38.91B,-0.47%
13-May-12,"2,344.52","2,408.26","2,411.27","2,338.24",42.17B,-2.11%
6-May-12,"2,394.98","2,441.76","2,451.95","2,393.38",46.81B,-2.33%
29-Apr-12,"2,452.01","2,421.08","2,453.73","2,407.79",33.25B,2.32%
22-Apr-12,"2,396.32","2,403.52","2,415.75","2,350.40",59.44B,-0.44%
15-Apr-12,"2,406.86","2,346.31","2,407.29","2,333.34",48.84B,2.02%
8-Apr-12,"2,359.16","2,300.05","2,369.70","2,258.85",39.87B,2.28%
1-Apr-12,"2,306.55","2,258.03","2,309.64","2,251.39",15.22B,1.93%
25-Mar-12,"2,262.79","2,349.09","2,363.77","2,242.34",33.62B,-3.69%
18-Mar-12,"2,349.54","2,401.22","2,412.34","2,342.12",45.20B,-2.30%
11-Mar-12,"2,404.74","2,438.55","2,476.22","2,366.02",61.44B,-1.42%
4-Mar-12,"2,439.46","2,464.85","2,469.84","2,388.52",50.86B,-0.86%
26-Feb-12,"2,460.69","2,447.41","2,478.38","2,418.33",55.03B,0.86%
19-Feb-12,"2,439.63","2,383.69","2,439.98","2,345.05",53.44B,3.50%
12-Feb-12,"2,357.18","2,332.05","2,374.28","2,325.03",42.52B,0.22%
5-Feb-12,"2,351.98","2,334.25","2,368.98","2,278.82",42.47B,0.93%
29-Jan-12,"2,330.40","2,324.49","2,336.27","2,263.34",30.31B,0.49%
15-Jan-12,"2,319.12","2,230.43","2,322.89","2,196.12",36.60B,3.32%
8-Jan-12,"2,244.58","2,164.74","2,295.22","2,148.45",41.38B,3.75%
1-Jan-12,"2,163.39","2,212.00","2,217.52","2,132.63",15.86B,-1.64%
25-Dec-11,"2,199.42","2,193.66","2,213.45","2,134.02",23.57B,-0.24%
18-Dec-11,"2,204.78","2,208.07","2,239.86","2,149.42",27.29B,-0.90%
11-Dec-11,"2,224.84","2,312.15","2,315.81","2,170.75",25.63B,-3.91%
4-Dec-11,"2,315.27","2,363.11","2,363.13","2,302.64",23.12B,-1.92%
27-Nov-11,"2,360.66","2,383.89","2,423.56","2,319.44",33.63B,-0.82%
20-Nov-11,"2,380.22","2,416.73","2,419.24","2,370.69",24.97B,-1.50%
13-Nov-11,"2,416.56","2,498.67","2,534.06","2,411.04",39.24B,-2.60%
6-Nov-11,"2,481.08","2,518.90","2,536.18","2,472.76",38.90B,-1.87%
30-Oct-11,"2,528.29","2,470.25","2,536.78","2,433.72",51.70B,2.22%
23-Oct-11,"2,473.41","2,322.02","2,483.76","2,307.15",46.17B,6.74%
16-Oct-11,"2,317.28","2,434.49","2,452.99","2,313.78",31.02B,-4.69%
9-Oct-11,"2,431.37","2,363.08","2,439.64","2,318.63",34.58B,3.06%
25-Sep-11,"2,359.22","2,416.23","2,441.73","2,348.22",27.64B,-3.04%
18-Sep-11,"2,433.16","2,469.60","2,517.67","2,400.14",32.37B,-1.98%
11-Sep-11,"2,482.34","2,467.73","2,499.48","2,439.37",20.80B,-0.62%
4-Sep-11,"2,497.75","2,510.10","2,528.42","2,459.54",27.04B,-1.21%
28-Aug-11,"2,528.28","2,595.47","2,615.14","2,517.62",32.05B,-3.21%
21-Aug-11,"2,612.19","2,534.57","2,616.64","2,507.78",37.00B,3.07%
14-Aug-11,"2,534.36","2,598.14","2,636.36","2,513.75",38.56B,-2.27%
7-Aug-11,"2,593.17","2,599.29","2,614.19","2,437.68",50.72B,-1.27%
31-Jul-11,"2,626.42","2,697.57","2,712.89","2,605.14",33.04B,-2.79%
24-Jul-11,"2,701.73","2,759.63","2,759.63","2,677.12",41.85B,-2.49%
17-Jul-11,"2,770.79","2,821.36","2,826.96","2,763.42",43.69B,-1.75%
10-Jul-11,"2,820.17","2,789.45","2,821.34","2,752.19",48.66B,0.80%
3-Jul-11,"2,797.77","2,770.94","2,825.12","2,770.94",53.79B,1.39%
26-Jun-11,"2,759.36","2,746.79","2,778.67","2,727.25",46.11B,0.48%
19-Jun-11,"2,746.21","2,635.83","2,759.71","2,610.99",38.27B,3.91%
12-Jun-11,"2,642.82","2,687.65","2,735.55","2,641.39",35.64B,-2.30%
5-Jun-11,"2,705.14","2,720.97","2,754.12","2,672.32",29.62B,-0.84%
29-May-11,"2,728.02","2,704.48","2,744.93","2,676.54",35.56B,0.67%
22-May-11,"2,709.95","2,853.29","2,853.29","2,708.55",40.91B,-5.20%
15-May-11,"2,858.46","2,864.38","2,884.14","2,821.20",40.40B,-0.44%
8-May-11,"2,871.03","2,868.24","2,897.14","2,832.25",44.88B,0.25%
1-May-11,"2,863.89","2,911.51","2,933.46","2,834.46",39.00B,-1.64%
24-Apr-11,"2,911.51","3,003.03","3,003.61","2,871.01",51.07B,-3.29%
17-Apr-11,"3,010.52","3,040.53","3,067.46","2,992.67",63.92B,-1.31%
10-Apr-11,"3,050.53","3,037.91","3,062.53","2,994.47",67.94B,0.68%
3-Apr-11,"3,030.02","2,964.21","3,031.10","2,963.90",38.07B,2.11%
27-Mar-11,"2,967.41","2,985.36","3,005.78","2,914.38",65.98B,-0.35%
20-Mar-11,"2,977.81","2,913.91","2,985.08","2,884.75",54.98B,2.44%
13-Mar-11,"2,906.89","2,923.98","2,939.65","2,850.94",64.11B,-0.92%
6-Mar-11,"2,933.80","2,952.72","3,012.04","2,927.68",65.14B,-0.29%
27-Feb-11,"2,942.31","2,880.17","2,944.46","2,861.82",65.75B,2.21%
20-Feb-11,"2,878.57","2,886.54","2,944.41","2,839.20",59.28B,-0.73%
13-Feb-11,"2,899.79","2,828.57","2,939.28","2,828.57",67.87B,2.56%
6-Feb-11,"2,827.33","2,778.70","2,835.41","2,760.18",29.29B,1.01%
30-Jan-11,"2,798.96","2,751.53","2,805.05","2,748.54",16.49B,1.68%
23-Jan-11,"2,752.75","2,716.52","2,759.44","2,661.45",40.92B,1.38%
16-Jan-11,"2,715.29","2,772.45","2,780.94","2,667.29",41.31B,-2.72%
9-Jan-11,"2,791.34","2,832.62","2,847.36","2,770.34",40.22B,-1.67%
2-Jan-11,"2,838.80","2,825.33","2,868.01","2,807.87",41.23B,1.09%
26-Dec-10,"2,808.08","2,842.81","2,876.81","2,721.48",40.26B,-0.96%
19-Dec-10,"2,835.16","2,901.47","2,917.20","2,804.56",48.91B,-2.02%
12-Dec-10,"2,893.74","2,850.33","2,939.05","2,847.66",52.06B,1.85%
5-Dec-10,"2,841.04","2,850.38","2,884.53","2,792.52",43.84B,-0.05%
28-Nov-10,"2,842.43","2,861.15","2,881.16","2,758.92",51.08B,-1.02%
21-Nov-10,"2,871.70","2,861.61","2,904.97","2,791.58",60.21B,-0.58%
14-Nov-10,"2,888.57","2,984.87","3,016.13","2,806.64",67.40B,-3.24%
7-Nov-10,"2,985.43","3,140.40","3,186.72","2,975.16",102.63B,-4.60%
31-Oct-10,"3,129.50","2,986.89","3,142.59","2,986.89",98.99B,5.06%
24-Oct-10,"2,978.83","2,979.71","3,073.38","2,955.48",85.78B,0.13%
17-Oct-10,"2,975.04","2,985.46","3,041.15","2,931.91",95.03B,0.13%
10-Oct-10,"2,971.16","2,755.03","2,971.16","2,755.03",102.63B,8.49%
3-Oct-10,"2,738.74","2,681.25","2,747.80","2,677.99",13.58B,3.13%
26-Sep-10,"2,655.66","2,600.54","2,656.00","2,597.14",34.82B,2.47%
19-Sep-10,"2,591.55","2,601.48","2,607.35","2,573.63",13.76B,-0.27%
12-Sep-10,"2,598.69","2,665.66","2,703.78","2,583.34",56.28B,-2.42%
5-Sep-10,"2,663.21","2,667.20","2,704.93","2,628.83",61.60B,0.29%
29-Aug-10,"2,655.39","2,622.27","2,662.88","2,604.49",60.21B,1.71%
22-Aug-10,"2,610.74","2,637.82","2,667.17","2,588.64",45.59B,-1.19%
15-Aug-10,"2,642.31","2,603.79","2,701.93","2,596.77",62.94B,1.37%
8-Aug-10,"2,606.70","2,656.36","2,676.09","2,564.84",51.54B,-1.94%
1-Aug-10,"2,658.39","2,635.81","2,681.78","2,589.99",58.75B,0.79%
25-Jul-10,"2,637.50","2,576.37","2,656.41","2,556.47",54.28B,2.55%
18-Jul-10,"2,572.03","2,399.58","2,579.52","2,392.27",54.20B,6.10%
11-Jul-10,"2,424.27","2,468.54","2,501.02","2,389.07",39.85B,-1.89%
4-Jul-10,"2,470.92","2,358.76","2,485.60","2,335.57",30.58B,3.69%
27-Jun-10,"2,382.90","2,550.65","2,561.49","2,319.74",29.05B,-6.66%
20-Jun-10,"2,552.82","2,517.29","2,598.35","2,504.32",29.99B,1.58%
13-Jun-10,"2,513.22","2,588.97","2,595.51","2,505.33",12.22B,-2.21%
6-Jun-10,"2,569.94","2,508.33","2,590.98","2,491.65",36.59B,0.64%
30-May-10,"2,553.59","2,647.87","2,665.39","2,521.06",34.43B,-3.85%
23-May-10,"2,655.77","2,596.32","2,686.54","2,583.55",44.93B,2.80%
16-May-10,"2,583.52","2,663.88","2,663.88","2,481.97",38.71B,-4.19%
9-May-10,"2,696.63","2,690.86","2,751.07","2,604.20",40.87B,0.31%
2-May-10,"2,688.38","2,821.35","2,862.55","2,665.81",34.61B,-6.35%
25-Apr-10,"2,870.61","2,988.08","2,996.83","2,820.95",45.92B,-3.79%
18-Apr-10,"2,983.54","3,096.78","3,096.78","2,941.35",57.26B,-4.69%
11-Apr-10,"3,130.30","3,151.89","3,181.66","3,101.48",57.56B,-0.48%
4-Apr-10,"3,145.35","3,170.61","3,177.97","3,110.26",44.04B,-0.40%
28-Mar-10,"3,157.96","3,076.05","3,159.60","3,071.69",58.50B,3.21%
21-Mar-10,"3,059.72","3,069.66","3,083.34","3,009.91",46.19B,-0.26%
