Date,Close/Last,Volume,Open,High,Low
04/09/2021,13845.05,--,13709.67,13849.31,13674.92
04/08/2021,13758.5,--,13730.73,13763.18,13703.51
04/07/2021,13616.7,--,13553.9,13648.8,13532.63
04/06/2021,13578.46,--,13567.2,13660.29,13551.6
04/05/2021,13598.16,--,13434.04,13623.6,13420.81
04/01/2021,13329.51,--,13268.88,13333.41,13255.82
03/31/2021,13091.44,--,12970.33,13167.06,12966.65
03/30/2021,12896.53,--,12904.01,12929.46,12798.03
03/29/2021,12965.74,--,12950.51,13013.47,12836.6
03/26/2021,12979.12,--,12777.27,12992.3,12721.66
03/25/2021,12780.51,--,12707.58,12845.66,12627.93
03/24/2021,12798.88,--,13072.82,13077.49,12797.85
03/23/2021,13017.79,--,13127.17,13180.66,12993.5
03/22/2021,13086.51,--,12943.14,13167.46,12943.14
03/19/2021,12866.99,--,12792.67,12906.02,12704.07
03/18/2021,12789.14,--,13006.29,13040.36,12781.53
03/17/2021,13202.38,--,13024.83,13280.29,12950.08
03/16/2021,13152.28,--,13156.65,13297.48,13091.78
03/15/2021,13082.54,--,12936.13,13085.01,12885.64
03/12/2021,12937.29,--,12873.39,12943.58,12778.13
03/11/2021,13052.9,--,12960.53,13117.86,12920.01
03/10/2021,12752.07,--,12950.25,12979.38,12726.85
03/09/2021,12794.49,--,12635.45,12868.52,12592.83
03/08/2021,12299.08,--,12629.56,12718.58,12287.57
03/05/2021,12668.51,--,12594.16,12700.95,12208.39
03/04/2021,12464,--,12655.92,12799.08,12314.16
03/03/2021,12683.33,--,13020.1,13057.29,12679.89
03/02/2021,13059.95,--,13297.76,13301.62,13052.12
03/01/2021,13282.95,--,13106.02,13293.78,13051.7
02/26/2021,12909.44,--,12958.96,13090.36,12764.34
02/25/2021,12828.31,--,13197.75,13294.56,12773.76
02/24/2021,13302.19,--,13095.86,13312.42,12971.82
02/23/2021,13194.71,--,12982.36,13259.85,12758.12
02/22/2021,13223.74,--,13414.04,13447.37,13220.77
02/19/2021,13580.78,--,13686.23,13701.69,13545.45
02/18/2021,13637.51,--,13556.01,13669.94,13477.17
02/17/2021,13699.71,--,13636.15,13713.14,13552.66
02/16/2021,13773.77,--,13841.03,13879.77,13726.78
02/12/2021,13807.7,--,13695.9,13816.25,13656.78
02/11/2021,13734.35,--,13723.63,13747.2,13637.19
02/10/2021,13655.27,--,13751.42,13770.91,13531.93
02/09/2021,13687.08,--,13667.14,13741.79,13664.7
02/08/2021,13695.02,--,13672.33,13698.41,13607.96
02/05/2021,13603.96,--,13592.77,13642.96,13527.81
02/04/2021,13560.89,--,13454.85,13563.13,13406.44
02/03/2021,13402.37,--,13555.03,13561.45,13400.08
02/02/2021,13456.12,--,13371.37,13501.23,13363.76
02/01/2021,13248.9,--,13067.65,13280.22,12983.1
01/29/2021,12925.38,--,13124.7,13167.87,12845.43
01/28/2021,13201.53,--,13163.32,13401.85,13150.1
01/27/2021,13112.65,--,13371.16,13393.51,13034.14
01/26/2021,13490.19,--,13507.47,13536.3,13440.32
01/25/2021,13483.29,--,13515.63,13563.7,13205.59
01/22/2021,13366.4,--,13356.18,13404.77,13336.9
01/21/2021,13404.99,--,13356.7,13433.69,13297.79
01/20/2021,13296.45,--,13155.12,13332.26,13138.3
01/19/2021,12996.54,--,12921.61,13012.09,12861.3
01/15/2021,12803.93,--,12898.09,12941.29,12758.1
01/14/2021,12898.69,--,13010.94,13037.05,12886.16
01/13/2021,12973.63,--,12911.87,13008.85,12878.02
01/12/2021,12892.09,--,12916.1,12957.43,12783.71
01/11/2021,12902.49,--,12961.5,13023.21,12883.59
01/08/2021,13105.2,--,13037.24,13113.09,12939.73
01/07/2021,12939.57,--,12745.41,12966.68,12744.82
01/06/2021,12623.35,--,12601.26,12803.29,12569.42
01/05/2021,12802.38,--,12663.13,12809.67,12663.13
01/04/2021,12694.66,--,12950.22,12950.22,12537.42
12/31/2020,12888.28,--,12852.96,12904.09,12804.75
12/30/2020,12845.36,--,12900.03,12917.45,12828.79
12/29/2020,12843.49,--,12909.86,12925.53,12816.59
12/28/2020,12838.86,--,12813.97,12861.91,12747.05
12/24/2020,12711.01,--,12668.19,12732.55,12665.8
12/23/2020,12653.14,--,12733.75,12737.59,12649.6
12/22/2020,12717.56,--,12715.48,12761.23,12606.42
12/21/2020,12690.26,--,12575.6,12706.44,12474.03
12/18/2020,12738.18,--,12786.92,12793.47,12611.22
12/17/2020,12752.06,--,12741.64,12760.97,12685.98
12/16/2020,12668.16,--,12607.87,12698.11,12568.71
12/15/2020,12595.92,--,12565.28,12596.84,12467.57
12/14/2020,12462.21,--,12427.86,12544.31,12426.25
12/11/2020,12375.41,--,12327.07,12378.61,12236.8
12/10/2020,12401.74,--,12268.47,12447.85,12226.13
12/09/2020,12364.64,--,12626.97,12643.24,12311.3
12/08/2020,12635.72,--,12574.84,12651.35,12504.97
12/07/2020,12596.47,--,12523.57,12610,12523.12
12/04/2020,12528.48,--,12479.91,12531.21,12450.51
12/03/2020,12467.13,--,12469.16,12538.92,12445.36
12/02/2020,12456.41,--,12390.58,12472.25,12318.27
12/01/2020,12455.33,--,12387.62,12510.02,12338.36
11/30/2020,12268.32,--,12278.78,12299.61,12090.93
11/27/2020,12258.21,--,12220.37,12306.71,12214.44
11/25/2020,12152.22,--,12112.11,12174.99,12081.51
11/24/2020,12079.81,--,11952.7,12094.16,11878.31
11/23/2020,11905.94,--,11959.89,12001.83,11817.53
11/20/2020,11906.44,--,11976,12017.42,11903.57
11/19/2020,11985.43,--,11863.12,12000.29,11842.66
11/18/2020,11894.71,--,11963.36,12027.15,11892.54
11/17/2020,11977.49,--,12030.27,12047.13,11964.2
11/16/2020,12013.38,--,11925.36,12035.5,11891.85
11/13/2020,11937.84,--,11910.62,11957.09,11808.95
11/12/2020,11827.14,--,11924.15,11976.89,11786.09
11/11/2020,11892.93,--,11734.81,11904.13,11714.32
11/10/2020,11624.29,--,11704.46,11761.95,11512.46
11/09/2020,11830.39,--,12194.71,12268.66,11818.24
11/06/2020,12091.35,--,12044.29,12116.91,11895.5
11/05/2020,12078.07,--,12021.77,12117.04,11977.07
11/04/2020,11777.02,--,11627.76,11846.46,11564.91
11/03/2020,11279.91,--,11155.84,11356.08,11115.55
11/02/2020,11084.76,--,11152.48,11222.52,10957.11
10/30/2020,11052.95,--,11265.7,11293.76,10960.02
10/29/2020,11350.74,--,11214.33,11467.37,11187.08
10/28/2020,11142.76,--,11400.48,11426.1,11136.1
10/27/2020,11598.95,--,11560.86,11633.49,11503.1
10/26/2020,11504.52,--,11584.17,11708.08,11360.73
10/23/2020,11692.57,--,11680.72,11693.01,11569.09
10/22/2020,11662.91,--,11712.64,11739.22,11529.73
10/21/2020,11665.37,--,11686.19,11789.46,11646.47
10/20/2020,11677.84,--,11679.08,11801.39,11613.76
10/19/2020,11634.35,--,11913.01,11962.47,11606.48
10/16/2020,11852.17,--,11952.12,12034.13,11824.14
10/15/2020,11898.57,--,11767.27,11928.63,11765.49
10/14/2020,11985.36,--,12105.1,12159.21,11913.57
10/13/2020,12083.17,--,12131.07,12187.78,12032.75
10/12/2020,12088.11,--,11900.12,12204.75,11880.23
10/09/2020,11725.85,--,11615.57,11727.6,11600.86
10/08/2020,11550.94,--,11576.44,11582.78,11510.24
10/07/2020,11503.19,--,11412.65,11519.55,11382.48
10/06/2020,11291.27,--,11476.68,11536.42,11256.26
10/05/2020,11509.06,--,11345.24,11512.06,11336.07
10/02/2020,11255.69,--,11328.85,11479.08,11225.17
10/01/2020,11583.2,--,11554.96,11606.73,11488.6
09/30/2020,11418.06,--,11328.55,11535.01,11328.55
09/29/2020,11322.95,--,11354.7,11396.22,11305.79
09/28/2020,11364.45,--,11332.32,11369.4,11243.24
09/25/2020,11151.13,--,10910.5,11177.73,10851.68
09/24/2020,10896.47,--,10746.35,11026.43,10728.41
09/23/2020,10833.33,--,11167.22,11179.59,10806.05
09/22/2020,11186.37,--,11082.09,11207.08,10943.26
09/21/2020,10980.22,--,10768.01,10984.76,10677.85
09/18/2020,10936.98,--,11147.8,11153.97,10769.4
09/17/2020,11080.95,--,10965.74,11160.04,10936.8
09/16/2020,11247.6,--,11467.9,11486.09,11242.96
09/15/2020,11438.87,--,11432.94,11495.4,11367.2
09/14/2020,11277.76,--,11250.8,11363.25,11192.82
09/11/2020,11087.4,--,11251.19,11280.41,10945.22
09/10/2020,11154.12,--,11501.43,11566.34,11095.94
09/09/2020,11395.85,--,11308.25,11480.37,11197.13
09/08/2020,11068.26,--,11143.91,11400.45,11055.16
09/04/2020,11622.13,--,11686.24,11846.18,11145.99
09/03/2020,11771.37,--,12195.75,12235,11662.11
09/02/2020,12420.54,--,12417.45,12439.48,12176.18
09/01/2020,12292.86,--,12203.36,12300.44,12132.78
08/31/2020,12110.7,--,12017.46,12167.46,12000.11
08/28/2020,11995.85,--,11992.68,12018.14,11928.69
08/27/2020,11926.16,--,11997.89,12047.99,11842.84
08/26/2020,11971.94,--,11779.35,11979.65,11768
08/25/2020,11721.81,--,11610.58,11723.94,11580.89
08/24/2020,11626.17,--,11703.34,11728.09,11535.55
08/21/2020,11555.16,--,11476.85,11574.79,11461.53
08/20/2020,11477.05,--,11277.05,11497.18,11268.46
08/19/2020,11318.64,--,11397.23,11440.22,11303.4
08/18/2020,11399.03,--,11339.76,11421.1,11279.08
08/17/2020,11288.57,--,11231.97,11306.47,11228.14
08/14/2020,11164.45,--,11187.82,11213.27,11106.93
08/13/2020,11178.37,--,11174.64,11271.22,11139.64
08/12/2020,11157.72,--,10972.07,11190.26,10970.87
08/11/2020,10876.08,--,11039.68,11090.92,10855.06
08/10/2020,11085.17,--,11153.51,11159.38,10941.87
08/07/2020,11139.39,--,11235.23,11276.3,11044.6
08/06/2020,11267.08,--,11116.49,11282.23,11090.5
08/05/2020,11125.44,--,11107.24,11141.68,11077.7
08/04/2020,11096.54,--,11075.04,11097.85,11002.55
08/03/2020,11055.08,--,11018.02,11085.5,10997.67
07/31/2020,10905.88,--,10886.36,10908.34,10707.4
07/30/2020,10715.51,--,10578.62,10737.03,10531.79
07/29/2020,10662.98,--,10602.4,10694.88,10587.19
07/28/2020,10532.5,--,10644.33,10662.19,10527.43
07/27/2020,10674.38,--,10547.11,10689.55,10527.64
07/24/2020,10483.13,--,10389.53,10543.42,10313.94
07/23/2020,10580.59,--,10853.16,10885.38,10531.21
07/22/2020,10870.75,--,10850.92,10910.24,10776.24
07/21/2020,10833.07,--,11015.54,11017.43,10800.87
07/20/2020,10952.08,--,10672.96,10971.52,10621.9
07/17/2020,10645.22,--,10651.59,10680.7,10558.78
07/16/2020,10626.46,--,10589.86,10658.9,10495.09
07/15/2020,10701.68,--,10752.11,10780.4,10570.96
07/14/2020,10689.52,--,10502.85,10701.88,10370.79
07/13/2020,10602.21,--,10951.54,11069.26,10574.56
07/10/2020,10836.33,--,10751.77,10842.78,10639.48
07/09/2020,10754.59,--,10745.87,10785.96,10574.97
07/08/2020,10666.7,--,10594.41,10669.13,10528.82
07/07/2020,10524.01,--,10595.94,10704.93,10516.63
07/06/2020,10604.06,--,10487.7,10625.1,10485.81
07/02/2020,10341.89,--,10386.38,10432.55,10328.78
07/01/2020,10279.25,--,10160.41,10321.77,10142.75
06/30/2020,10156.85,--,9970.21,10185.35,9956.83
06/29/2020,9961.16,--,9850.55,9965.08,9742.89
06/26/2020,9849.36,--,10087.08,10093.98,9837.74
06/25/2020,10101.83,--,10003.5,10110.29,9901.21
06/24/2020,10002.7,--,10183.77,10232.42,9943.24
06/23/2020,10209.82,--,10192.42,10306.9,10172.07
06/22/2020,10130.33,--,10009,10134.64,9989.49
06/19/2020,10008.64,--,10104.63,10121.67,9937.81
06/18/2020,10012.05,--,9972.35,10018.56,9942.11
06/17/2020,9982.48,--,9998.86,10058.65,9952.5
06/16/2020,9949.37,--,9983.65,10010.89,9801.45
06/15/2020,9776.89,--,9517.14,9809.41,9489.58
06/12/2020,9663.77,--,9785.58,9849.01,9499.1
06/11/2020,9588.48,--,9907.56,9978.19,9586.25
06/10/2020,10094.26,--,10037.98,10155.2,10022.44
06/09/2020,9967.17,--,9861.18,10006.9,9859
06/08/2020,9901.52,--,9805.69,9904.52,9753.87
06/05/2020,9824.39,--,9673.09,9846.63,9659.45
06/04/2020,9629.66,--,9672.17,9741.97,9577.71
06/03/2020,9704.69,--,9689.72,9729.69,9648.93
06/02/2020,9657.31,--,9603.18,9660.08,9511.88
06/01/2020,9598.89,--,9526.43,9609.38,9515.34
05/29/2020,9555.52,--,9440.64,9573.55,9379.93
05/28/2020,9416.71,--,9404.83,9568.89,9391.84
05/27/2020,9442.05,--,9366.63,9445.06,9182.45
05/26/2020,9389.98,--,9570.53,9570.53,9379.9
05/22/2020,9413.99,--,9363.68,9421.93,9325.07
05/21/2020,9377.99,--,9487.63,9515.05,9361.83
05/20/2020,9485.02,--,9415.25,9498.28,9412.83
05/19/2020,9298.54,--,9326.28,9422.9,9296.25
05/18/2020,9331.93,--,9281.36,9367.54,9248.78
05/15/2020,9152.64,--,8976.29,9157.46,8958.08
05/14/2020,9094.43,--,8946.45,9097.75,8860.77
05/13/2020,9000.08,--,9123.69,9209.49,8890.16
05/12/2020,9112.45,--,9326.06,9354.45,9109.09
05/11/2020,9298.92,--,9155.21,9346.27,9155.21
05/08/2020,9220.35,--,9165.7,9224.49,9126.97
05/07/2020,9101.88,--,9104.67,9136.18,9045.23
05/06/2020,8984.86,--,8997.02,9065.58,8950.89
05/05/2020,8930.62,--,8922.39,9031,8900.57
05/04/2020,8834.11,--,8683.94,8840.33,8665.4
05/01/2020,8718.18,--,8791.88,8887.58,8688.58
04/30/2020,9000.51,--,9005.24,9023.03,8920.42
04/29/2020,8982.76,--,8871.04,9025.82,8832
04/28/2020,8677.6,--,8913.28,8918.38,8668.67
04/27/2020,8837.66,--,8865.58,8887.62,8803.88
04/24/2020,8786.6,--,8666.57,8791.36,8599.99
04/23/2020,8641.5,--,8693.73,8796.49,8624.63
04/22/2020,8664.63,--,8575.57,8708.48,8550.61
04/21/2020,8403,--,8639.74,8663.09,8359.84
04/20/2020,8726.51,--,8742.54,8855.18,8725.32
04/17/2020,8832.41,--,8876.66,8879.24,8704.38
04/16/2020,8757.83,--,8689.09,8793.35,8605.51
04/15/2020,8591.96,--,8548.47,8666.24,8500.56
04/14/2020,8692.16,--,8489.27,8708.55,8470.74
04/13/2020,8332.74,--,8209.68,8338.15,8158.58
04/09/2020,8238.53,--,8284.31,8334.23,8167.93
04/08/2020,8229.54,--,8134.3,8254.41,8058.41
04/07/2020,8049.31,--,8287.48,8305.59,8043.07
04/06/2020,8081.66,--,7819.06,8110.66,7763.09
04/03/2020,7528.11,--,7631.57,7673.49,7439.78
04/02/2020,7635.66,--,7445.88,7641.86,7432.28
04/01/2020,7486.29,--,7582.78,7701.68,7423.97
03/31/2020,7813.5,--,7855.74,8011.6,7765.45
03/30/2020,7889.01,--,7678.83,7902.09,7651.43
03/27/2020,7588.37,--,7657.44,7817.74,7580.22
03/26/2020,7897.13,--,7549.83,7913.11,7549.83
03/25/2020,7469.62,--,7543.96,7777.61,7390.41
03/24/2020,7553.82,--,7348.99,7555.91,7304.39
03/23/2020,7006.92,--,6952.71,7145.29,6771.91
03/20/2020,6994.29,--,7391.22,7487.83,6969.77
03/19/2020,7288.52,--,7190.21,7514.13,7037.47
03/18/2020,7175.18,--,7023.86,7336.88,6837.53
03/17/2020,7473.95,--,7198.53,7550.13,6959.15
03/16/2020,7020.38,--,7502.26,7563.45,6993.61
03/13/2020,7995.26,--,7683.04,7998.51,7301.88
03/12/2020,7263.65,--,7452.76,7808.31,7255.61
03/11/2020,8006.12,--,8166.26,8224.73,7900.99
03/10/2020,8372.27,--,8213.97,8376.44,7942.13
03/09/2020,7948.03,--,7912.14,8241.77,7912.14
03/06/2020,8530.34,--,8395.95,8571.88,8319.9
03/05/2020,8671.66,--,8713.19,8864.19,8613.91
03/04/2020,8949.28,--,8745.64,8952.11,8669.76
03/03/2020,8594.49,--,8892.68,9000.46,8516.58
03/02/2020,8877.98,--,8569.91,8879.39,8446.5
02/28/2020,8461.83,--,8133.85,8490.47,8133.85
02/27/2020,8436.67,--,8632.54,8786.68,8430.53
02/26/2020,8873.76,--,8883.01,9032.87,8813.92
02/25/2020,8834.87,--,9167.33,9183.78,8807.11
02/24/2020,9079.63,--,9055.3,9194.91,9028.87
02/21/2020,9446.69,--,9582.54,9594,9406.38
02/20/2020,9627.83,--,9696.66,9714.23,9513.23
02/19/2020,9718.73,--,9683.94,9736.57,9676.07
02/18/2020,9629.8,--,9567.27,9647.72,9567.27
02/14/2020,9623.58,--,9613.88,9634.75,9583.08
02/13/2020,9595.7,--,9540.67,9636.41,9532.74
02/12/2020,9613.2,--,9569.82,9615.9,9552.03
02/11/2020,9517.86,--,9567.81,9600.05,9493.63
02/10/2020,9516.84,--,9373.2,9517.74,9373.2
02/07/2020,9401.1,--,9397.77,9453.24,9376.91
02/06/2020,9445.92,--,9395.69,9448.72,9357.86
02/05/2020,9367.48,--,9441.34,9442.75,9311.88
02/04/2020,9334.06,--,9256.94,9352.96,9224.86
02/03/2020,9126.23,--,9033.52,9148.5,9031.07
01/31/2020,8991.51,--,9142.53,9170.22,8961.59
01/30/2020,9136.09,--,9038.92,9140.69,9019.72
01/29/2020,9101.61,--,9141.52,9153.08,9067.29
01/28/2020,9090.93,--,9013.23,9111.32,8994.28
01/27/2020,8952.18,--,8913.16,9001.44,8910.97
01/24/2020,9141.47,--,9266.35,9272.37,9101.44
01/23/2020,9216.98,--,9186.14,9221.13,9145.23
01/22/2020,9188.57,--,9212.35,9242.48,9179.27
01/21/2020,9166.63,--,9145.64,9187.42,9141.78
01/17/2020,9173.73,--,9159.48,9176.47,9118.98
01/16/2020,9125,--,9088.08,9126.07,9066.31
01/15/2020,9035.67,--,9039.31,9078.87,9008.95
01/14/2020,9033.42,--,9068.02,9080.16,9020.92
01/13/2020,9070.65,--,9007.94,9071.53,8991.35
01/10/2020,8966.64,--,9021.88,9024.87,8951.83
01/09/2020,8989.63,--,8990.04,9004.55,8938.53
01/08/2020,8912.37,--,8845.45,8953.55,8834.94
01/07/2020,8846.45,--,8857.14,8872.47,8821.68
01/06/2020,8848.52,--,8713.89,8849.98,8713.89
01/03/2020,8793.9,--,8755.17,8843.65,8755.17
01/02/2020,8872.22,--,8802.22,8873.63,8786.9
12/31/2019,8733.07,--,8681.33,8735.43,8674.38
12/30/2019,8709.73,--,8766.39,8768.29,8671.92
12/27/2019,8770.98,--,8805.86,8811.1,8749.86
12/26/2019,8778.31,--,8717.95,8778.33,8716.03
12/24/2019,8699.51,--,8705.3,8708.22,8684.12
12/23/2019,8696.01,--,8703.06,8710.9,8690.14
12/20/2019,8678.49,--,8666.57,8687.66,8656.48
12/19/2019,8641.29,--,8592.68,8642.74,8592.68
12/18/2019,8580.62,--,8587.2,8608.1,8578.56
12/17/2019,8575.7,--,8586.33,8592.45,8564.15
12/16/2019,8570.33,--,8544.26,8584.78,8542.42
12/13/2019,8487.71,--,8461.42,8517.52,8441.88
12/12/2019,8466.89,--,8391.91,8493.11,8380.09
12/11/2019,8402.61,--,8371.65,8408.08,8361.37
12/10/2019,8354.29,--,8364.55,8392.89,8339.37
12/09/2019,8362.74,--,8388.75,8425.77,8359.87
12/06/2019,8397.37,--,8370.23,8405.85,8365.25
12/05/2019,8308.4,--,8321.19,8321.19,8272.83
12/04/2019,8296.53,--,8291.86,8316.46,8285.88
12/03/2019,8254.74,--,8201.63,8258.4,8167.36
12/02/2019,8309.26,--,8409.87,8409.87,8274.61
11/29/2019,8403.68,--,8422.02,8435.96,8402.13
11/27/2019,8444.71,--,8407.23,8445.61,8399.63
11/26/2019,8385.75,--,8374.26,8398.04,8364.11
11/25/2019,8371.93,--,8309.55,8372.82,8309.55
11/22/2019,8272.05,--,8287.25,8292.11,8229.49
11/21/2019,8265.62,--,8273.95,8282.33,8242.22
11/20/2019,8283.75,--,8315.55,8339.26,8226.25
11/19/2019,8338.74,--,8357.43,8357.8,8308.28
11/18/2019,8328.48,--,8303.22,8340.41,8274.68
11/15/2019,8315.52,--,8303.84,8315.9,8284.2
11/14/2019,8257.83,--,8238.85,8264.94,8212.59
11/13/2019,8259.81,--,8235.68,8274.61,8233.38
11/12/2019,8263.79,--,8249.62,8293.18,8238.33
11/11/2019,8241.91,--,8212.37,8245.89,8202.36
11/08/2019,8255.89,--,8208.37,8256.29,8186.31
11/07/2019,8219.65,--,8237.68,8271.82,8198.91
11/06/2019,8196.03,--,8204.34,8204.34,8157.36
11/05/2019,8210.18,--,8225.35,8229.09,8191.05
11/04/2019,8210.66,--,8218.93,8228.33,8197.32
11/01/2019,8161.17,--,8121.95,8161.98,8111.73
10/31/2019,8083.83,--,8100.62,8110.44,8041.65
10/30/2019,8083.11,--,8056.9,8096.33,8017.92
10/29/2019,8047.51,--,8101.55,8108.61,8045.64
10/28/2019,8110.67,--,8071.39,8119.73,8070.9
10/25/2019,8029.22,--,7926.6,8033.29,7926.6
10/24/2019,7966.72,--,7956.23,7969.66,7912.72
10/23/2019,7889.47,--,7858.48,7890.21,7845.09
10/22/2019,7874.62,--,7968.25,7977.01,7871.98
10/21/2019,7940.33,--,7911.58,7941.48,7887.74
10/18/2019,7868.49,--,7938.3,7946.81,7829.75
10/17/2019,7942.14,--,7976.64,7981.14,7914.94
10/16/2019,7920.21,--,7911.99,7941.76,7898.31
10/15/2019,7942.85,--,7867.96,7960.14,7863.65
10/14/2019,7842.33,--,7834.74,7865.67,7827.16
10/11/2019,7843.87,--,7835.93,7904.05,7831.11
10/10/2019,7740.36,--,7688.42,7772.68,7682.61
10/09/2019,7690.53,--,7678.66,7717.94,7655.48
10/08/2019,7604.27,--,7671.38,7707.17,7603.76
10/07/2019,7725.13,--,7725.68,7784.79,7712.68
10/04/2019,7754.1,--,7677.33,7759.36,7670.92
10/03/2019,7638.39,--,7557.19,7640.42,7463.57
10/02/2019,7550.79,--,7627.59,7631.34,7513.69
10/01/2019,7684.14,--,7782.82,7821.72,7675.42
09/30/2019,7749.45,--,7705.97,7761.84,7693.49
09/27/2019,7681.58,--,7786.03,7790.8,7626.82
09/26/2019,7771.99,--,7794.28,7798.12,7718.69
09/25/2019,7803.54,--,7706.5,7822.43,7647.63
09/24/2019,7710.04,--,7855.97,7873.25,7684.8
09/23/2019,7818.61,--,7815.23,7842.98,7790.29
09/20/2019,7823.55,--,7901.46,7920.53,7794.27
09/19/2019,7901.79,--,7904.39,7950.21,7888.31
09/18/2019,7888.56,--,7877.58,7891.17,7791.58
09/17/2019,7888.79,--,7849.88,7891.21,7840.99
09/16/2019,7852.41,--,7833.73,7868.74,7831.76
09/13/2019,7892.95,--,7903.73,7923.41,7879.59
09/12/2019,7917.34,--,7931.96,7975.33,7907.33
09/11/2019,7887.58,--,7820.71,7888.34,7812.07
09/10/2019,7814.74,--,7793.28,7817.58,7743.61
09/09/2019,7832.4,--,7876.4,7877.41,7795.86
09/06/2019,7852.54,--,7868.87,7874.99,7835.89
09/05/2019,7862.54,--,7803.45,7879.97,7803.45
09/04/2019,7719.25,--,7683.78,7724.91,7663.64
09/03/2019,7609.51,--,7634.03,7670.17,7584.82
08/30/2019,7691,--,7743.23,7747.08,7642.9
08/29/2019,7702.31,--,7678.69,7723.94,7654.31
08/28/2019,7587.9,--,7536.7,7598.15,7500.22
08/27/2019,7566.03,--,7630.46,7640.68,7531.96
08/26/2019,7575.02,--,7540.69,7577.77,7506.17
08/23/2019,7464.99,--,7658.48,7722.43,7442.93
08/22/2019,7707.43,--,7750.98,7764.79,7649.28
08/21/2019,7733.22,--,7731.75,7754.66,7706.57
08/20/2019,7664.47,--,7708.31,7731.31,7664.21
08/19/2019,7719.32,--,7715.41,7740.74,7688.09
08/16/2019,7604.11,--,7548.9,7622.73,7548.9
08/15/2019,7484.89,--,7503.14,7523.5,7429.36
08/14/2019,7490.13,--,7594.64,7621.7,7480.58
08/13/2019,7728.15,--,7553.43,7778.34,7553.33
08/12/2019,7561.68,--,7597.19,7623.44,7528.95
08/09/2019,7646.27,--,7684.56,7709.5,7591.14
08/08/2019,7724.83,--,7608.03,7726.46,7576.82
08/07/2019,7551.9,--,7436.14,7569.9,7386.39
08/06/2019,7521.32,--,7492.02,7541.74,7432.31
08/05/2019,7415.69,--,7510.02,7528.9,7356.27
08/02/2019,7692.8,--,7740.91,7755.09,7645.18
08/01/2019,7801.15,--,7866.6,8000.94,7769.02
07/31/2019,7848.78,--,7972.76,7979.2,7774.93
07/30/2019,7952.47,--,7927.56,7983.11,7923.45
07/29/2019,7989.08,--,8010.05,8010.05,7939.98
07/26/2019,8016.95,--,7992.13,8027.18,7986.72
07/25/2019,7929.87,--,7979.14,7983.96,7921.21
07/24/2019,8010.6,--,7928.78,8010.83,7926.99
07/23/2019,7954.56,--,7946.05,7955.09,7895.05
07/22/2019,7905.12,--,7862.38,7918.47,7862.27
07/19/2019,7834.9,--,7944.86,7950.22,7832.39
07/18/2019,7904.13,--,7850.12,7912.33,7827.49
07/17/2019,7888.76,--,7927.91,7941.1,7887.98
07/16/2019,7927.08,--,7958.44,7965.76,7904.95
07/15/2019,7966.93,--,7961.07,7969.79,7940.45
07/12/2019,7943.24,--,7908.58,7944.08,7900.39
07/11/2019,7896.78,--,7918.65,7934.6,7873.16
07/10/2019,7903.4,--,7869.73,7923.93,7858.68
07/09/2019,7826.86,--,7748.29,7833.92,7748.23
07/08/2019,7785.79,--,7790.46,7792.2,7756.11
07/05/2019,7841.3,--,7806.07,7854.71,7774.59
07/03/2019,7857.69,--,7819.06,7857.69,7811.29
07/02/2019,7799.82,--,7763.03,7800.47,7746.01
07/01/2019,7768.14,--,7816.56,7820.81,7735.67
06/28/2019,7671.07,--,7674.52,7682.26,7639.44
06/27/2019,7657.05,--,7656.68,7672.98,7636.72
06/26/2019,7627.05,--,7642.92,7688.64,7616.91
06/25/2019,7591.54,--,7720.91,7723.04,7584.17
06/24/2019,7723.02,--,7737,7746.68,7720.78
06/21/2019,7728.78,--,7719.42,7772.53,7708.25
06/20/2019,7738.05,--,7770.17,7770.61,7681.43
06/19/2019,7667.74,--,7652.52,7681.56,7606.28
06/18/2019,7635.4,--,7606.61,7689.08,7595.59
06/17/2019,7526.52,--,7500.28,7546.99,7492.17
06/14/2019,7479.11,--,7476.47,7500.74,7454.87
06/13/2019,7510.68,--,7500.85,7530.91,7487.09
06/12/2019,7472.29,--,7493.55,7507.52,7459.2
06/11/2019,7513.85,--,7584.75,7595.57,7489.99
06/10/2019,7501.93,--,7472.6,7573,7468.17
06/07/2019,7417.29,--,7315.33,7445.99,7309.01
06/06/2019,7275.93,--,7229.86,7293.22,7201.59
06/05/2019,7220.9,--,7230.81,7235.23,7146.43
06/04/2019,7166.75,--,7056.18,7169.79,7023.09
06/03/2019,6978.02,--,7110.34,7126.43,6936.68
05/31/2019,7127.96,--,7148.71,7183.23,7125.97
05/30/2019,7245.4,--,7234.83,7262.77,7204.42
05/29/2019,7216.86,--,7222.55,7254.2,7176.67
05/28/2019,7278.38,--,7321.27,7362.29,7274.7
05/24/2019,7300.96,--,7353.97,7371.3,7294.1
05/23/2019,7307.93,--,7331.67,7337.47,7261.46
05/22/2019,7420.66,--,7413.84,7458.11,7410.71
05/21/2019,7451.02,--,7442.31,7472.71,7417.07
05/20/2019,7376.7,--,7391.73,7424.59,7351.92
05/17/2019,7503.68,--,7513.15,7605.67,7496.92
05/16/2019,7580.14,--,7509.9,7627.03,7502.76
05/15/2019,7503.25,--,7354.82,7524.22,7353.9
05/14/2019,7401.88,--,7366.64,7449.03,7337.94
05/13/2019,7324.13,--,7385.55,7433.92,7303.64
05/10/2019,7586.53,--,7556.04,7623.01,7426.75
05/09/2019,7582.75,--,7525.81,7605.03,7472.71
05/08/2019,7617.55,--,7623.32,7678.82,7593.75
05/07/2019,7640.15,--,7713.49,7743.06,7572.61
05/06/2019,7794.09,--,7662.92,7804.54,7662.92
05/03/2019,7845.73,--,7784.29,7847.52,7772.44
05/02/2019,7724.06,--,7751.64,7791.51,7672.54
05/01/2019,7751.85,--,7828.14,7851.03,7749.74
04/30/2019,7781.46,--,7769.3,7792.32,7726.07
04/29/2019,7839.04,--,7825.64,7851.85,7812.97
04/26/2019,7826.68,--,7791.15,7826.89,7742.6
04/25/2019,7816.92,--,7850.71,7851.97,7778.23
04/24/2019,7784.41,--,7813.02,7827.05,7783.59
04/23/2019,7810.71,--,7724.17,7819.34,7719.09
04/22/2019,7713.49,--,7658.37,7715.33,7653.89
04/18/2019,7689.72,--,7688.93,7694.18,7647.4
04/17/2019,7680.72,--,7705.32,7715.07,7659.85
04/16/2019,7654.73,--,7651.19,7670.4,7631.64
04/15/2019,7629.12,--,7630.6,7636.8,7578.54
04/12/2019,7628.15,--,7624.15,7630.52,7596.56
04/11/2019,7594.89,--,7621.4,7621.4,7580.71
04/10/2019,7611.49,--,7581.39,7613.41,7573.28
04/09/2019,7568.49,--,7571.88,7596.75,7555.62
04/08/2019,7599.74,--,7565.06,7602.08,7536.42
04/05/2019,7578.84,--,7564.27,7581.9,7554.91
04/04/2019,7540.57,--,7542.16,7571.13,7496.3
04/03/2019,7544.97,--,7538.17,7589.69,7520.4
04/02/2019,7499.64,--,7473.51,7507.05,7461.51
04/01/2019,7478.42,--,7450.81,7481.84,7422.44
03/29/2019,7378.77,--,7377.77,7381.69,7333.17
03/28/2019,7320.47,--,7325.06,7346.04,7277.69
03/27/2019,7308.19,--,7364.47,7376.99,7252.06
03/26/2019,7351.15,--,7378.23,7417.26,7314.38
03/25/2019,7316.96,--,7299.93,7342.51,7265.28
03/22/2019,7326.06,--,7458.44,7482.35,7323.52
03/21/2019,7493.27,--,7356.94,7505.41,7356.94
03/20/2019,7380.75,--,7348.99,7422.75,7318.42
03/19/2019,7349.28,--,7357.58,7390.29,7321.93
03/18/2019,7326.28,--,7311.63,7348.69,7293.85
03/15/2019,7306.99,--,7274.14,7331.29,7265.63
03/14/2019,7243.01,--,7257.31,7267.94,7240.96
03/13/2019,7256.98,--,7231.05,7292.86,7229.88
03/12/2019,7201.28,--,7176.23,7219.41,7166.95
03/11/2019,7164.02,--,7050.05,7166.92,7049.56
03/08/2019,7015.69,--,6940.9,7018.92,6940.72
03/07/2019,7026.88,--,7089.63,7097.91,7001.81
03/06/2019,7112.47,--,7156.24,7162.24,7104.55
03/05/2019,7156.79,--,7156.66,7178.3,7120.69
03/04/2019,7150.83,--,7193.88,7205.94,7073.4
03/01/2019,7151.57,--,7152.08,7159.96,7101.07
02/28/2019,7097.53,--,7093.2,7125.92,7081.92
02/27/2019,7117,--,7095.75,7125.78,7045.41
02/26/2019,7123.22,--,7098.97,7144.65,7087.14
02/25/2019,7115.43,--,7144.34,7161.73,7111.78
02/22/2019,7090.63,--,7055.2,7094.29,7050.01
02/21/2019,7035.16,--,7047.08,7063.07,7001.8
02/20/2019,7062.34,--,7070.24,7096.15,7027.37
02/19/2019,7066.61,--,7033.37,7089.1,7032.78
02/15/2019,7055.18,--,7066.38,7073.99,7022.3
02/14/2019,7022.42,--,6986.51,7047.88,6969.69
02/13/2019,7015.88,--,7038.32,7062.58,7009.73
02/12/2019,7014.67,--,6960.55,7021.76,6948.33
02/11/2019,6909.18,--,6941.26,6958.33,6893.8
02/08/2019,6913.13,--,6843.33,6914.56,6836.7
02/07/2019,6904.98,--,6934.33,6954.77,6854.35
02/06/2019,6997.62,--,7023.89,7034.94,6969.83
02/05/2019,7023.52,--,6969.37,7029.77,6967.94
02/04/2019,6959.96,--,6876.56,6960.97,6872.6
02/01/2019,6875.52,--,6872.73,6921.95,6857.31
01/31/2019,6906.84,--,6840.93,6936.34,6837.92
01/30/2019,6807.91,--,6708.56,6826.92,6688.33
01/29/2019,6632.79,--,6695.71,6701.47,6613.42
01/28/2019,6697.09,--,6691.84,6697.53,6644.31
01/25/2019,6787.37,--,6755.67,6800.97,6733.32
01/24/2019,6702.55,--,6680.34,6710.73,6656.52
01/23/2019,6658.76,--,6689.08,6712.86,6584.5
01/22/2019,6646.81,--,6736.65,6738.57,6603.56
01/18/2019,6784.61,--,6771.52,6816.23,6727.94
01/17/2019,6718.45,--,6646.19,6747.28,6637.1
01/16/2019,6668.56,--,6677.38,6720.41,6665.05
01/15/2019,6669.64,--,6571.15,6674.53,6567.32
01/14/2019,6541.04,--,6536.37,6566.87,6512.64
01/11/2019,6601.4,--,6579.89,6604.56,6562.04
01/10/2019,6620.94,--,6551.05,6625.11,6517.54
01/09/2019,6600.69,--,6576.54,6631.06,6549.44
01/08/2019,6551.85,--,6555.91,6574.73,6457
01/07/2019,6488.25,--,6434.55,6521.44,6412.98
01/04/2019,6422.67,--,6250.05,6445.2,6234.59
01/03/2019,6147.13,--,6274.76,6292.68,6139.4
01/02/2019,6360.87,--,6198.68,6394.74,6198.68
12/31/2018,6329.96,--,6354.84,6365.39,6273.94
12/28/2018,6285.27,--,6326.62,6388.36,6233.69
12/27/2018,6288.3,--,6168.6,6291.99,6043.45
12/26/2018,6262.77,--,5969.08,6263.82,5921.86
12/24/2018,5899.35,--,5994.08,6075.17,5895.12
12/21/2018,6046.56,--,6293.05,6308.31,6013.98
12/20/2018,6243.19,--,6312.72,6380.97,6161.85
12/19/2018,6342.97,--,6480.31,6575.39,6284.72
12/18/2018,6491.52,--,6503.12,6551.04,6434.6
12/17/2018,6448.39,--,6571,6621.63,6399.55
12/14/2018,6594.96,--,6679.91,6710.41,6585.31
12/13/2018,6767.97,--,6805.7,6833.78,6724.04
12/12/2018,6763.96,--,6800.55,6867.66,6761.78
12/11/2018,6704.24,--,6782.41,6788.47,6650.83
12/10/2018,6682.74,--,6603.36,6710.39,6534.33
12/07/2018,6613.27,--,6806.63,6849.38,6594.54
12/06/2018,6838.85,--,6652.13,6840.5,6630.82
12/04/2018,6795.21,--,7026.81,7045.68,6785.85
12/03/2018,7062.13,--,7106.84,7107,7013.2
11/30/2018,6949.01,--,6902.24,6951.13,6872.29
11/29/2018,6892.4,--,6890.84,6938.02,6839.45
11/28/2018,6913.33,--,6756.13,6914.79,6713.29
11/27/2018,6701.04,--,6639.39,6715.41,6609.08
11/26/2018,6678.34,--,6616.79,6679.91,6590.89
11/23/2018,6527.35,--,6525.02,6591.56,6524.55
11/21/2018,6575.66,--,6608.12,6639.37,6566.31
11/20/2018,6526.96,--,6475.68,6614.01,6442.36
11/19/2018,6642.92,--,6832.25,6841.44,6623.37
11/16/2018,6867.02,--,6823.03,6898.13,6797.43
11/15/2018,6890.45,--,6750.63,6908.83,6702.42
11/14/2018,6769.87,--,6896.2,6916.09,6736.18
11/13/2018,6830.91,--,6858.59,6951.44,6811.68
11/12/2018,6829.1,--,6990.37,6998.8,6819.38
11/09/2018,7039.15,--,7095.45,7104.39,6982.89
11/08/2018,7158.59,--,7176.19,7192.32,7125.14
11/07/2018,7203.13,--,7068.5,7205.96,7057.71
11/06/2018,6988.85,--,6939.13,7024.78,6928
11/05/2018,6937.09,--,6946.15,6952.93,6859.8
11/02/2018,6965.29,--,7042.3,7085.27,6909.07
11/01/2018,7069.17,--,6980.79,7071.84,6932.21
10/31/2018,6967.1,--,6933.11,7030.51,6924.09
10/30/2018,6810.12,--,6673.84,6816.27,6652.53
10/29/2018,6713.9,--,6954.69,6973.19,6574.75
10/26/2018,6852.4,--,6804.69,6976.94,6743.78
10/25/2018,7016.39,--,6891.27,7063.92,6866.75
10/24/2018,6789.15,--,7101.85,7117.34,6777.47
10/23/2018,7118.67,--,7002.69,7149.13,6933.56
10/22/2018,7141.21,--,7146.03,7193.72,7088.9
10/19/2018,7107.23,--,7169.45,7227.96,7080.74
10/18/2018,7116.09,--,7250.92,7251.54,7081.89
10/17/2018,7278.63,--,7310,7311.85,7205.76
10/16/2018,7276.43,--,7141.67,7291.26,7133.29
10/15/2018,7068.67,--,7129.31,7144.16,7047.47
10/12/2018,7157.21,--,7150.21,7179.04,7019.89
10/11/2018,6964.03,--,7013.48,7120.1,6892.89
10/10/2018,7044.5,--,7319.81,7329.24,7042.06
10/09/2018,7371.62,--,7352.44,7430.36,7339.86
10/08/2018,7352.82,--,7356.54,7415.54,7267.02
10/05/2018,7399.01,--,7482.04,7510.45,7327.44
10/04/2018,7490,--,7603.01,7608.24,7436.26
10/03/2018,7637.43,--,7663.09,7676.9,7625.6
10/02/2018,7628.28,--,7632.37,7685.36,7610.25
10/01/2018,7645.45,--,7673,7700.56,7627.47
09/28/2018,7627.65,--,7612.65,7649.3,7598.69
09/27/2018,7629.57,--,7600.35,7657.8,7596.96
09/26/2018,7563.09,--,7563.96,7637.62,7553.26
09/25/2018,7563.19,--,7552.02,7568.17,7525.19
09/24/2018,7548.75,--,7477.45,7554.95,7447.23
09/21/2018,7531.07,--,7587.39,7603.86,7522.12
09/20/2018,7569.03,--,7534.02,7582.43,7523.87
09/19/2018,7490.32,--,7498.24,7513.34,7441.56
09/18/2018,7494.4,--,7440.86,7531.2,7436.53
09/17/2018,7434.73,--,7522.59,7533.92,7427.79
09/14/2018,7545.5,--,7575.38,7581.3,7515.04
09/13/2018,7561.69,--,7535.23,7578.76,7531.66
09/12/2018,7488.06,--,7493.38,7501.24,7422.91
09/11/2018,7507.87,--,7415.09,7519.45,7401.72
09/10/2018,7447.68,--,7466.76,7473.75,7410.74
09/07/2018,7430.26,--,7402.19,7489.4,7400.99
09/06/2018,7453.17,--,7527.22,7532.3,7405.32
09/05/2018,7523.26,--,7600.95,7607.18,7498.38
09/04/2018,7622.32,--,7629.34,7643.45,7581.35
08/31/2018,7654.55,--,7634.44,7676.46,7628.54
08/30/2018,7642.67,--,7645.11,7691.1,7619.73
08/29/2018,7660.18,--,7585.13,7661.95,7583.52
08/28/2018,7570.25,--,7580.85,7588.72,7556.71
08/27/2018,7559.13,--,7527.37,7560.76,7512.02
08/24/2018,7485.4,--,7443.71,7489.54,7442.99
08/23/2018,7413.84,--,7420.31,7465.87,7405.4
08/22/2018,7424.6,--,7379.84,7434.48,7374.69
08/21/2018,7397.23,--,7393.46,7441.42,7388.37
08/20/2018,7371.42,--,7393.58,7395.75,7343.47
08/17/2018,7377.54,--,7352.63,7394.94,7312.65
08/16/2018,7374.29,--,7409.61,7422.83,7361.88
08/15/2018,7354.66,--,7385.67,7409.48,7308.52
08/14/2018,7447.17,--,7430.45,7455.42,7390
08/13/2018,7401.17,--,7420.18,7468.82,7398.53
08/10/2018,7408.3,--,7409.05,7436.69,7382.83
08/09/2018,7466.96,--,7467.51,7498.37,7458.57
08/08/2018,7469.54,--,7454.42,7486.21,7435.77
08/07/2018,7462.65,--,7459.32,7478.96,7443.88
08/06/2018,7438.99,--,7390.82,7439.55,7381.58
08/03/2018,7395.49,--,7389.36,7395.49,7356.33
08/02/2018,7372.15,--,7221.35,7380.56,7221.35
08/01/2018,7272.89,--,7269.2,7294.8,7234.64
07/31/2018,7231.98,--,7219.67,7272.96,7179.41
07/30/2018,7193.1,--,7292.72,7299.07,7158.78
07/27/2018,7296.78,--,7443.24,7443.24,7255.32
07/26/2018,7400.75,--,7404.56,7430.12,7385.72
07/25/2018,7508.59,--,7406.1,7511.39,7405.63
07/24/2018,7406.25,--,7455.51,7475.99,7375.74
07/23/2018,7371.78,--,7335.42,7376.82,7301.34
07/20/2018,7350.23,--,7379.13,7398.59,7343.37
07/19/2018,7352.36,--,7364.66,7388.99,7344.33
07/18/2018,7390.13,--,7407.25,7411.25,7368.36
07/17/2018,7403.89,--,7291.48,7418.43,7288.3
07/16/2018,7357.9,--,7381.03,7390.64,7346.34
07/13/2018,7375.82,--,7372.28,7387.74,7348.96
07/12/2018,7366.25,--,7276.38,7368.71,7274.16
07/11/2018,7243.98,--,7221.66,7271.12,7220.23
07/10/2018,7282.6,--,7287.05,7297.79,7257.49
07/09/2018,7276,--,7251.18,7277.58,7221.32
07/06/2018,7207.33,--,7114.17,7217,7106.1
07/05/2018,7101.05,--,7064,7105.54,7025.24
07/03/2018,7014.55,--,7121.71,7122.45,7009.51
07/02/2018,7097.82,--,6979.54,7099.27,6969.16
06/29/2018,7040.8,--,7071.49,7101.83,7031.4
06/28/2018,7031.6,--,6963.37,7055.25,6950.23
06/27/2018,6969.67,--,7096.6,7128.77,6968.3
06/26/2018,7068.2,--,7061.23,7108.45,7040.06
06/25/2018,7038.17,--,7131.05,7144.28,6976.96
06/22/2018,7197.51,--,7239.72,7239.75,7177.46
06/21/2018,7217.49,--,7304.05,7308.26,7203.93
06/20/2018,7280.7,--,7264.85,7309.99,7256.87
06/19/2018,7228.04,--,7158.8,7229.99,7138.02
06/18/2018,7251.41,--,7201.18,7256.43,7186.16
06/15/2018,7255.76,--,7245.16,7268.84,7220.97
06/14/2018,7279.59,--,7233.7,7291.31,7233.7
06/13/2018,7205.26,--,7219.58,7261.17,7193.02
06/12/2018,7209.18,--,7181.67,7214.49,7173.76
06/11/2018,7168.48,--,7149.65,7187.45,7146.09
06/08/2018,7152.62,--,7121.76,7161.92,7100.73
06/07/2018,7152.83,--,7212.43,7212.43,7115.86
06/06/2018,7210.08,--,7180.24,7212.45,7140.92
06/05/2018,7166.75,--,7162.41,7179.82,7137.13
06/04/2018,7143.57,--,7099.5,7146.76,7099.09
06/01/2018,7083.93,--,7010.08,7084.84,7008.02
05/31/2018,6967.73,--,6969.93,7016.42,6955.99
05/30/2018,6976.37,--,6955.59,6987.63,6938.02
05/29/2018,6926.54,--,6928.5,6964.65,6887.12
05/25/2018,6960.92,--,6951.47,6982.52,6941.85
05/24/2018,6949.7,--,6951.52,6963.68,6882.57
05/23/2018,6953.63,--,6847.27,6954.7,6846.94
05/22/2018,6893.62,--,6934.7,6947.43,6883.75
05/21/2018,6905.53,--,6920.32,6948.27,6876.35
05/18/2018,6866.25,--,6876.65,6897.91,6857.58
05/17/2018,6901.63,--,6905.75,6952.98,6869.39
05/16/2018,6929.97,--,6892.89,6944.54,6891.65
05/15/2018,6888.54,--,6909.32,6912.04,6852.73
05/14/2018,6964.37,--,6977.35,7008.26,6954.64
05/11/2018,6952.56,--,6948.87,6969.3,6923.61
05/10/2018,6963.55,--,6909.18,6966.93,6906.77
05/09/2018,6893.21,--,6830.54,6895.93,6807.4
05/08/2018,6815.48,--,6813.91,6830.87,6770.3
05/07/2018,6821.87,--,6803.45,6846.46,6796.05
05/04/2018,6769.12,--,6618.7,6783.36,6612.39
05/03/2018,6643.48,--,6608.7,6667.29,6539.86
05/02/2018,6644.48,--,6694.52,6715.96,6637.96
05/01/2018,6681.96,--,6592.93,6685.41,6578.26
04/30/2018,6605.57,--,6669.44,6712.5,6593.6
04/27/2018,6656.35,--,6748.59,6750.78,6619.26
04/26/2018,6649.65,--,6606.61,6673.65,6579.12
04/25/2018,6513.94,--,6514.32,6540.76,6426.57
04/24/2018,6509.05,--,6680.88,6688.89,6464.74
04/23/2018,6648.8,--,6699.16,6721.65,6613.55
04/20/2018,6667.75,--,6754.67,6757.68,6642.83
04/19/2018,6774.89,--,6793.07,6815.04,6749.07
04/18/2018,6833.21,--,6824.58,6856.96,6788.32
04/17/2018,6816.37,--,6738.65,6834.31,6729.79
04/16/2018,6675.18,--,6675.92,6699.76,6633.08
04/13/2018,6628.34,--,6696.02,6703.31,6598.34
04/12/2018,6656.26,--,6627.32,6682.69,6618.81
04/11/2018,6583.44,--,6578.84,6650.29,6574.88
04/10/2018,6615.87,--,6585.52,6639.97,6534.89
04/09/2018,6472.34,--,6488.48,6604.26,6466.04
04/06/2018,6433.21,--,6514.48,6587.36,6402.03
04/05/2018,6594.84,--,6619.22,6632.21,6550.28
04/04/2018,6560.06,--,6326.54,6578.56,6326.54
04/03/2018,6458.83,--,6448.05,6485.27,6343.9
04/02/2018,6390.84,--,6528.23,6560.96,6322.6
03/29/2018,6581.13,--,6493.51,6640.76,6435.67
03/28/2018,6460.81,--,6488.02,6559.88,6410.04
03/27/2018,6529.84,--,6791.39,6793.5,6479.56
03/26/2018,6753.83,--,6644.4,6760.65,6538.79
03/23/2018,6508.09,--,6683.19,6708.58,6507.84
03/22/2018,6682.26,--,6763.94,6809.94,6679.35
03/21/2018,6853.45,--,6863.29,6930.7,6828.88
03/20/2018,6885.92,--,6871.09,6902.23,6845.85
03/19/2018,6864.88,--,6945.97,6949.02,6806.16
03/16/2018,7019.95,--,7058.12,7061.67,7011.69
03/15/2018,7030.97,--,7050.66,7075.55,7010.01
03/14/2018,7040.98,--,7077.85,7084.07,7012.57
03/13/2018,7046.51,--,7172.25,7186.09,7025.83
03/12/2018,7131.12,--,7122.47,7156.25,7108.04
03/09/2018,7101.18,--,7014.84,7101.31,7007.3
03/08/2018,6966.43,--,6955.85,6971,6931.35
03/07/2018,6929.39,--,6855.57,6935.48,6850.91
03/06/2018,6913.02,--,6919.79,6937.03,6872.06
03/05/2018,6881.28,--,6777.63,6901.63,6753.83
03/02/2018,6811.04,--,6661.91,6820.37,6645.03
03/01/2018,6750.54,--,6862.94,6892.38,6687.44
02/28/2018,6854.42,--,6945.2,6964.16,6854.42
02/27/2018,6900.35,--,6984.83,7003.13,6900.35
02/26/2018,6989.1,--,6933.82,6989.36,6927.46
02/23/2018,6896.6,--,6816.43,6897.53,6789.02
02/22/2018,6761.85,--,6793.08,6826.01,6744.05
02/21/2018,6759.26,--,6808.6,6879.47,6759.22
02/20/2018,6779.69,--,6742.15,6838,6740.48
02/16/2018,6770.66,--,6778.28,6840.6,6758.51
02/15/2018,6794.92,--,6734.34,6795.92,6665.92
02/14/2018,6675.03,--,6523.26,6684.15,6520.39
02/13/2018,6553.86,--,6482.77,6567.62,6478.41
02/12/2018,6523.85,--,6477.04,6565.28,6424.3
02/09/2018,6412.68,--,6395.16,6453.43,6164.43
02/08/2018,6306.1,--,6595.81,6606.05,6304.18
02/07/2018,6582.02,--,6632.98,6716.25,6581.38
02/06/2018,6665.98,--,6378.6,6673.41,6370.48
02/05/2018,6495.92,--,6687.47,6807.96,6495.39
02/02/2018,6760.29,--,6866.38,6889.07,6756.54
02/01/2018,6901.5,--,6910.57,6970.76,6879.02
01/31/2018,6949.99,--,6972.81,6983.61,6915.48
01/30/2018,6930.73,--,6910.39,6958.79,6894.63
01/29/2018,6988.32,--,7000.68,7020.64,6974.7
01/26/2018,7022.97,--,6956.66,7022.97,6941.48
01/25/2018,6916.3,--,6965.01,6967.6,6894.84
01/24/2018,6919.35,--,6975.38,6992.91,6880.68
01/23/2018,6963.46,--,6928.27,6969.4,6926.37
01/22/2018,6906.28,--,6829.55,6906.28,6822.85
01/19/2018,6834.33,--,6829.04,6843.24,6801.59
01/18/2018,6811.38,--,6804.59,6826.79,6784.72
01/17/2018,6810.28,--,6767.85,6820.04,6738.45
01/16/2018,6737.14,--,6807.85,6835.79,6719.11
01/12/2018,6758.54,--,6699.32,6763.98,6695.52
01/11/2018,6708.49,--,6675.69,6708.49,6664.74
01/10/2018,6662.66,--,6640.66,6663.51,6619.35
01/09/2018,6677.94,--,6692.87,6696.12,6658.27
01/08/2018,6676.63,--,6651.68,6680.32,6649.2
01/05/2018,6653.29,--,6613.12,6654.98,6605.03
01/04/2018,6584.58,--,6595.75,6603.17,6576.92
01/03/2018,6575.8,--,6520.03,6579.25,6519.26
01/02/2018,6511.34,--,6431.59,6513.02,6417.75
12/29/2017,6396.42,--,6439.9,6442.53,6396.42
12/28/2017,6441.42,--,6449.52,6452.07,6432.68
12/27/2017,6435.15,--,6437.06,6448.94,6425.92
12/26/2017,6433.16,--,6427.32,6438.24,6407.99
12/22/2017,6465.17,--,6462.55,6467.83,6449
12/21/2017,6472.69,--,6481.08,6501.52,6467.78
12/20/2017,6472.48,--,6504.55,6504.55,6447.93
12/19/2017,6480.67,--,6505.35,6510.87,6462.79
12/18/2017,6513.27,--,6504.89,6522.7,6495.18
12/15/2017,6466.32,--,6405.15,6470.92,6405.03
12/14/2017,6389.91,--,6407.25,6423.68,6386.25
12/13/2017,6394.67,--,6405.41,6416.83,6388.41
12/12/2017,6383.65,--,6389.47,6403.5,6371.69
12/11/2017,6393.89,--,6351.24,6394.43,6347.91
12/08/2017,6344.57,--,6364.6,6377.55,6335.23
12/07/2017,6316.28,--,6300.64,6333.29,6290.65
12/06/2017,6293.05,--,6243.72,6304.1,6234.22
12/05/2017,6265.11,--,6242.47,6337.06,6235.77
12/04/2017,6263.7,--,6380.68,6380.77,6256.81
12/01/2017,6337.87,--,6325.61,6365.3,6244.84
11/30/2017,6365.56,--,6337.34,6374.19,6321.43
11/29/2017,6311.37,--,6412.69,6412.69,6279.36
11/28/2017,6422.56,--,6419.48,6426.04,6385.32
11/27/2017,6405.97,--,6409.52,6420.21,6392.01
11/24/2017,6409.29,--,6393.33,6410.77,6389.4
11/22/2017,6386.12,--,6384.13,6391.16,6371.74
11/21/2017,6378.63,--,6336.91,6380.07,6336.26
11/20/2017,6308.61,--,6319.57,6324.59,6301.88
11/17/2017,6314.51,--,6343.64,6345.56,6308.48
11/16/2017,6339.14,--,6293.46,6352.47,6293.46
11/15/2017,6258.36,--,6261.27,6276.8,6227.99
11/14/2017,6293.64,--,6293.33,6300.46,6263.77
11/13/2017,6316.18,--,6286.01,6325.18,6285.97
11/10/2017,6309.07,--,6297.15,6313.17,6284.22
11/09/2017,6312.21,--,6295.29,6315.16,6248.29
11/08/2017,6345.81,--,6319.03,6346.98,6308.62
11/07/2017,6320.78,--,6314.69,6328.58,6299.53
11/06/2017,6313.61,--,6292.15,6318.58,6291.84
11/03/2017,6295.58,--,6266.19,6297.62,6237.65
11/02/2017,6236.39,--,6238.29,6243.74,6194.58
11/01/2017,6248.65,--,6274.26,6276.66,6224.58
10/31/2017,6248.56,--,6241.88,6258.42,6229.15
10/30/2017,6227.59,--,6209.8,6250.85,6202.53
10/27/2017,6213.47,--,6138.23,6223.51,6129.79
10/26/2017,6037.87,--,6056.05,6066.61,6035.95
10/25/2017,6055.04,--,6069.35,6087.58,6011.24
10/24/2017,6080.22,--,6078.02,6090.89,6057.69
10/23/2017,6067.83,--,6122.24,6122.24,6061.08
10/20/2017,6108.82,--,6114.46,6122.56,6102.16
10/19/2017,6092.62,--,6074.28,6092.87,6051.47
10/18/2017,6114.35,--,6128.91,6129.49,6106.85
10/17/2017,6122.61,--,6111.32,6122.82,6103.66
10/16/2017,6114.53,--,6108.66,6115.53,6095.63
10/13/2017,6092.45,--,6094.72,6100.06,6087.03
10/12/2017,6069.99,--,6072.21,6093.76,6063.47
10/11/2017,6081.25,--,6062.73,6082.25,6052.44
10/10/2017,6063.52,--,6078.27,6084.14,6036.72
10/09/2017,6058.53,--,6071.96,6078.8,6051.33
10/06/2017,6064.57,--,6037.44,6064.67,6037.02
10/05/2017,6057.14,--,6018.27,6059.21,6014.77
10/04/2017,5998.84,--,5983.31,6009.81,5976.12
10/03/2017,5995.06,--,5986.85,5999.19,5976.65
10/02/2017,5981.92,--,5988.96,6005.2,5955.83
09/29/2017,5979.3,--,5941.78,5980.22,5930.82
09/28/2017,5933.07,--,5920.65,5939.22,5908.62
09/27/2017,5937.79,--,5912.96,5957.75,5900.35
09/26/2017,5881.34,--,5893.18,5908.47,5862.99
09/25/2017,5867.35,--,5904.06,5908.57,5839.89
09/22/2017,5932.32,--,5912.19,5937.59,5911.48
09/21/2017,5934.91,--,5965.6,5965.6,5915.74
09/20/2017,5973.6,--,5987.72,5994.53,5927.7
09/19/2017,5991.08,--,5991.93,5998.24,5971.17
09/18/2017,5981.12,--,5997.51,6012.95,5963.17
09/15/2017,5988,--,5965.66,6009.44,5957.85
09/14/2017,5968.82,--,5981.85,5997.23,5965.06
09/13/2017,6004.38,--,5982.85,6004.47,5974.88
09/12/2017,5995.64,--,5998.74,6002.97,5968.09
09/11/2017,5980.53,--,5962.35,5990.87,5960.87
09/08/2017,5913.37,--,5957.19,5958.81,5907.96
09/07/2017,5964.31,--,5960.44,5980.15,5943.89
09/06/2017,5951.13,--,5949.54,5964.38,5909.92
09/05/2017,5932.73,--,5966.64,5980.91,5890.25
09/01/2017,5987.9,--,6001.82,6009.61,5972.27
08/31/2017,5988.6,--,5948.74,5995.45,5945.95
08/30/2017,5932.9,--,5870.88,5940.57,5865.34
08/29/2017,5862.14,--,5785.29,5871.79,5785.22
08/28/2017,5838.08,--,5839.27,5852.8,5821.87
08/25/2017,5822.53,--,5854.31,5870.47,5815.6
08/24/2017,5834.44,--,5863.99,5871.87,5802.77
08/23/2017,5851.78,--,5842.16,5864.78,5840.71
08/22/2017,5873.33,--,5817.29,5879,5817.02
08/21/2017,5786.54,--,5791.04,5804.3,5750.5
08/18/2017,5790.91,--,5803.9,5831.08,5770.14
08/17/2017,5796.32,--,5896.31,5903.87,5796.32
08/16/2017,5917.42,--,5920.68,5944.98,5899.56
08/15/2017,5907.73,--,5917.29,5919.75,5893.85
08/14/2017,5908.17,--,5878.64,5916.33,5878
08/11/2017,5831.53,--,5792.32,5844.61,5785.26
08/10/2017,5788.19,--,5880.13,5887.27,5783.36
08/09/2017,5919.39,--,5879.55,5920.96,5866.17
08/08/2017,5926.35,--,5922.64,5972.93,5910.5
08/07/2017,5934.73,--,5909.45,5936.79,5903.75
08/04/2017,5899.91,--,5899.69,5912.56,5877.06
08/03/2017,5891.2,--,5915.73,5917.47,5879.72
08/02/2017,5914.23,--,5934.07,5936.15,5859.62
08/01/2017,5895.17,--,5900.64,5905.29,5880.45
07/31/2017,5880.33,--,5928.68,5932.37,5871.79
07/28/2017,5908.92,--,5883.7,5918.31,5868.92
07/27/2017,5917.03,--,5994.02,5995.77,5847.05
07/26/2017,5950.73,--,5944.16,5954.38,5939.17
07/25/2017,5930.65,--,5927.1,5945.06,5916.29
07/24/2017,5941.37,--,5920.93,5950.58,5912.74
07/21/2017,5921.52,--,5905.6,5921.52,5890.25
07/20/2017,5921.22,--,5929.58,5932.61,5896.61
07/19/2017,5916.16,--,5898.4,5922.37,5895.54
07/18/2017,5880.1,--,5832.92,5880.55,5818.2
07/17/2017,5839.74,--,5845.82,5860.64,5830.25
07/14/2017,5838.08,--,5815.04,5844.8,5799.85
07/13/2017,5793.36,--,5785.32,5806.18,5776.62
07/12/2017,5778.95,--,5757.2,5785,5749.65
07/11/2017,5709.8,--,5687.03,5717.91,5667.27
07/10/2017,5694.15,--,5662.71,5708.62,5650.26
07/07/2017,5656.47,--,5618.85,5673.02,5618.85
07/06/2017,5597.9,--,5606.42,5628.84,5579.64
07/05/2017,5648.82,--,5611,5663.6,5593.66
07/03/2017,5596.96,--,5680.36,5684.98,5592.53
06/30/2017,5646.92,--,5676.4,5681.9,5637.74
06/29/2017,5653.02,--,5723.31,5723.66,5599.44
06/28/2017,5753.03,--,5693.48,5757.23,5660.53
06/27/2017,5671.6,--,5752.72,5761.04,5671.6
06/26/2017,5777.59,--,5832.31,5845.15,5765.87
06/23/2017,5803.11,--,5775.03,5810.31,5759.7
06/22/2017,5779.87,--,5787.43,5802.46,5767.87
06/21/2017,5782.39,--,5740.58,5784.92,5737.01
06/20/2017,5726.31,--,5762.99,5772.17,5725.01
06/19/2017,5772.22,--,5729.54,5776.37,5724.49
06/16/2017,5681.48,--,5694.21,5695.74,5656.62
06/15/2017,5700.89,--,5661.36,5707.37,5634.58
06/14/2017,5727.07,--,5774.12,5774.19,5682.35
06/13/2017,5751.82,--,5740.21,5760.54,5709.17
06/12/2017,5708.18,--,5677.16,5716.2,5633.34
06/09/2017,5741.94,--,5891.67,5897.69,5657.76
06/08/2017,5885.3,--,5894.75,5895.18,5852.65
06/07/2017,5877.59,--,5871.77,5883.19,5845.96
06/06/2017,5856.77,--,5869.48,5890.88,5848.32
06/05/2017,5878.12,--,5881.21,5888.92,5871.09
06/02/2017,5881.46,--,5834.41,5881.46,5825.74
06/01/2017,5816.51,--,5804.17,5816.6,5779.89
05/31/2017,5788.8,--,5812.97,5813.26,5762.56
05/30/2017,5794.63,--,5785.38,5799.99,5781.37
05/26/2017,5788.36,--,5782.17,5790.19,5771.71
05/25/2017,5778.37,--,5748.29,5793.13,5738.82
05/24/2017,5730.3,--,5720.83,5732.57,5705.17
05/23/2017,5703.35,--,5714.94,5716.55,5690.2
05/22/2017,5699.4,--,5662.95,5701.05,5661.59
05/19/2017,5651.56,--,5640.71,5673.63,5640.68
05/18/2017,5626.31,--,5569.81,5645.08,5568.47
05/17/2017,5580.55,--,5673.62,5688.74,5578.16
05/16/2017,5724.44,--,5715.15,5724.71,5699.41
05/15/2017,5704.48,--,5687.97,5706.61,5683.1
05/12/2017,5686.81,--,5683.58,5687.42,5672.03
05/11/2017,5674.22,--,5662.59,5675.5,5637.4
05/10/2017,5681.68,--,5681.33,5683.64,5661.44
05/09/2017,5678.31,--,5667.98,5691.21,5664
05/08/2017,5659.07,--,5649.18,5659.07,5638
05/05/2017,5646.09,--,5640.78,5646.09,5619.6
05/04/2017,5626.32,--,5623.57,5633.49,5606.05
05/03/2017,5625.16,--,5624.87,5629.78,5608.16
05/02/2017,5644.07,--,5642.41,5645.08,5625.49
05/01/2017,5629.63,--,5602.44,5640.48,5600.31
04/28/2017,5583.53,--,5598.47,5600,5575.21
04/27/2017,5571.28,--,5555.27,5573.26,5551.55
04/26/2017,5541.09,--,5553.6,5563.97,5537.99
04/25/2017,5548.19,--,5523.48,5557.93,5521.52
04/24/2017,5508.03,--,5503.27,5513.57,5494.46
04/21/2017,5442.05,--,5447.28,5450.81,5430.22
04/20/2017,5443.53,--,5422.47,5455.88,5413.32
04/19/2017,5399.64,--,5416.3,5431,5392.28
04/18/2017,5391.66,--,5383.74,5405.54,5377.91
04/17/2017,5399.2,--,5369.21,5399.2,5367.59
04/13/2017,5353.59,--,5370.69,5398.99,5353.59
04/12/2017,5377.03,--,5394.61,5399.55,5370.24
04/11/2017,5398.4,--,5413.91,5422.79,5359.14
04/10/2017,5421.68,--,5423.57,5442.71,5406.58
04/07/2017,5418.37,--,5420.94,5434.18,5400.08
04/06/2017,5420.88,--,5423.65,5435.06,5407.87
04/05/2017,5418.52,--,5447.27,5479.86,5409.04
04/04/2017,5440.41,--,5415.53,5441.34,5415.3
04/03/2017,5432.2,--,5440.2,5453.44,5403.31
03/31/2017,5436.23,--,5430.99,5451.5,5427.5
03/30/2017,5439.74,--,5430.31,5446.51,5425.3
03/29/2017,5430.27,--,5410.14,5433.36,5405.1
03/28/2017,5407.21,--,5371.9,5422.25,5363.29
03/27/2017,5374.27,--,5320.96,5383.22,5316.02
03/24/2017,5364,--,5376.74,5392.28,5345.94
03/23/2017,5355.14,--,5356.71,5375.43,5346.3
03/22/2017,5367.55,--,5332.64,5372.27,5327.25
03/21/2017,5332.53,--,5433.28,5439.58,5328.71
03/20/2017,5413.31,--,5406.02,5426.47,5400.16
03/17/2017,5408.76,--,5413.47,5423.28,5406.81
03/16/2017,5412.08,--,5421.46,5423.66,5399.27
03/15/2017,5416.25,--,5392.48,5426.84,5375.88
03/14/2017,5382.17,--,5382.79,5384.88,5360.7
03/13/2017,5394.57,--,5387.73,5396.39,5382.02
03/10/2017,5385.9,--,5390.46,5394.66,5364.1
03/09/2017,5363.98,--,5355.78,5370.66,5336.08
03/08/2017,5359.8,--,5351.35,5375.77,5348.73
03/07/2017,5351.28,--,5348.2,5373.26,5341.43
03/06/2017,5360.31,--,5352.61,5368.27,5338.61
03/03/2017,5373.48,--,5355.21,5373.48,5344.48
03/02/2017,5363.26,--,5386.34,5387.73,5355.53
03/01/2017,5390.99,--,5368.65,5398.43,5355.38
02/28/2017,5330.31,--,5344.18,5347.47,5316.7
02/27/2017,5347.55,--,5330.56,5347.88,5322.13
02/24/2017,5343.31,--,5305.23,5343.31,5304.01
02/23/2017,5332.37,--,5358.03,5358.53,5309.99
02/22/2017,5352.13,--,5345.18,5354.73,5335.8
02/21/2017,5350.73,--,5334.57,5353.16,5330.47
02/17/2017,5324.72,--,5295.49,5324.72,5291.7
02/16/2017,5300.64,--,5306.38,5316.79,5287.54
02/15/2017,5302.39,--,5266.12,5304.34,5264.44
02/14/2017,5271.07,--,5251.36,5271.1,5238.69
02/13/2017,5256.82,--,5242.49,5262.42,5241
02/10/2017,5226.69,--,5219.81,5234.27,5212.83
02/09/2017,5212.16,--,5200.17,5221.62,5196.07
02/08/2017,5196.58,--,5176.5,5201.57,5168.98
02/07/2017,5185.88,--,5178.85,5196.27,5174.34
02/06/2017,5167.96,--,5154.18,5167.96,5148.06
02/03/2017,5161.6,--,5153.61,5165.47,5147.58
02/02/2017,5147.7,--,5141.28,5162.56,5128.76
02/01/2017,5152.69,--,5157.83,5162.46,5128.9
01/31/2017,5116.77,--,5107.47,5116.8,5086.33
01/30/2017,5129.33,--,5146.41,5146.88,5098.34
01/27/2017,5168.06,--,5169.49,5172.43,5150.18
01/26/2017,5156.92,--,5164.12,5168.2,5148.85
01/25/2017,5151.47,--,5132.87,5153.18,5129
01/24/2017,5101.06,--,5079.61,5108.22,5068.37
01/23/2017,5065.7,--,5055.97,5073.24,5035.49
01/20/2017,5063.2,--,5070.15,5085.34,5050.02
01/19/2017,5051.17,--,5061.1,5078.41,5041.21
01/18/2017,5055.85,--,5050.26,5058.2,5039.18
01/17/2017,5044.65,--,5043.07,5053.2,5029.61
01/13/2017,5059.51,--,5047.56,5066.95,5045.92
01/12/2017,5041.43,--,5029.28,5044.36,4995.07
01/11/2017,5050.21,--,5033.88,5050.21,5012.65
01/10/2017,5035.17,--,5027.5,5049.83,5016.19
01/09/2017,5024.9,--,5013.82,5033.32,5009.45
01/06/2017,5007.08,--,4973.87,5020.7,4957.82
01/05/2017,4964.95,--,4936.35,4967.9,4935.34
01/04/2017,4937.2,--,4920.79,4944.74,4919.8
01/03/2017,4911.33,--,4900.85,4928.49,4884.52
12/30/2016,4863.62,--,4925.36,4927.16,4853.93
12/29/2016,4918.28,--,4923.92,4933.71,4903.28
12/28/2016,4926.29,--,4976.42,4978.43,4922.09
12/27/2016,4965.81,--,4948.92,4992.08,4947.59
12/23/2016,4940.02,--,4927.53,4940.04,4922.94
12/22/2016,4934.39,--,4948.36,4948.36,4917.33
12/21/2016,4948.9,--,4952.07,4957.45,4938.24
12/20/2016,4953.8,--,4948.34,4961.55,4944.32
12/19/2016,4934.85,--,4919.16,4963,4911.75
12/16/2016,4914.86,--,4945.04,4952.14,4904.38
12/15/2016,4933.41,--,4925.65,4959.9,4919.81
12/14/2016,4921.22,--,4943.64,4955.25,4910.76
12/13/2016,4935.84,--,4893.65,4960.48,4890.15
12/12/2016,4874.3,--,4878.04,4882.98,4854.27
12/09/2016,4895.9,--,4878.54,4897.24,4877.18
12/08/2016,4859.19,--,4849.75,4869.56,4843.04
12/07/2016,4851.94,--,4778.86,4854.32,4765.44
12/06/2016,4788.67,--,4786.06,4796.58,4769.39
12/05/2016,4778.14,--,4762.34,4795.28,4743.53
12/02/2016,4739.37,--,4734.38,4759.03,4721.41
12/01/2016,4734.1,--,4806.77,4810.44,4723.57
11/30/2016,4810.81,--,4876.3,4880.76,4810.81
11/29/2016,4873.21,--,4859.85,4896.57,4848.89
11/28/2016,4857.02,--,4861.73,4878.87,4852.71
11/25/2016,4870.02,--,4861.47,4870.9,4853.04
11/23/2016,4853.86,--,4856.72,4859.67,4832.59
11/22/2016,4873.84,--,4876.92,4884.63,4861.08
11/21/2016,4859,--,4822.03,4862.23,4819.57
11/18/2016,4808.04,--,4832.81,4840.81,4804.44
11/17/2016,4826.59,--,4789.78,4826.75,4781.72
11/16/2016,4792.27,--,4745.03,4794.57,4742.94
11/15/2016,4764.47,--,4733.57,4778.65,4727.98
11/14/2016,4702.04,--,4752.61,4753.27,4677.41
11/11/2016,4751.95,--,4729.14,4759.82,4711.96
11/10/2016,4747.03,--,4849.71,4855.79,4685.74
11/09/2016,4825.18,--,4748.9,4832.94,4747.35
11/08/2016,4804.92,--,4766.48,4824.97,4757.24
11/07/2016,4773.73,--,4737.99,4777.06,4731.79
11/04/2016,4660.46,--,4647.59,4697.94,4647.59
11/03/2016,4679.1,--,4718.53,4732.2,4673.05
11/02/2016,4726.91,--,4764.83,4773.65,4717.56
11/01/2016,4766.94,--,4810.3,4811.02,4726.35
10/31/2016,4801.27,--,4821.32,4823.92,4801.16
10/28/2016,4805.59,--,4820.5,4848.54,4794.07
10/27/2016,4836.45,--,4883.07,4885.83,4831.69
10/26/2016,4860.59,--,4863.52,4886.32,4846.44
10/25/2016,4891.45,--,4908.18,4911.76,4885.9
10/24/2016,4909.97,--,4884.16,4911.59,4880.77
10/21/2016,4851.86,--,4836.54,4853.61,4822.78
10/20/2016,4832.71,--,4831.31,4842.32,4805.84
10/19/2016,4836.61,--,4833.81,4845.07,4830.68
10/18/2016,4839.72,--,4849.91,4860.68,4837.31
10/17/2016,4796.17,--,4808.47,4814.88,4790.45
10/14/2016,4808.49,--,4828.9,4845.99,4806.73
10/13/2016,4803.1,--,4785.59,4816.33,4760.07
10/12/2016,4819.63,--,4824.27,4836.55,4806.33
10/11/2016,4821.91,--,4890.17,4890.17,4804.24
10/10/2016,4893.77,--,4887.73,4904.72,4885.59
10/07/2016,4864.52,--,4883.94,4884.7,4840.93
10/06/2016,4873.92,--,4871.95,4883.97,4851.53
10/05/2016,4877.75,--,4872.98,4891.35,4870.81
10/04/2016,4859.47,--,4880.57,4891.5,4841.72
10/03/2016,4866.63,--,4864.63,4872.14,4848.21
09/30/2016,4875.7,--,4856.1,4889.23,4846.9
09/29/2016,4838.3,--,4868.46,4875.52,4819.02
09/28/2016,4875.27,--,4871.84,4877.3,4850.04
09/27/2016,4866.71,--,4813.89,4868.38,4811.28
09/26/2016,4817.17,--,4830.17,4837.34,4812.32
09/23/2016,4858.91,--,4881.45,4882.42,4853.41
09/22/2016,4891.36,--,4879.28,4895.5,4876.37
09/21/2016,4853.75,--,4826.58,4858.57,4797.9
09/20/2016,4805.22,--,4813.78,4824.21,4797.78
09/19/2016,4796.07,--,4833.84,4843.76,4787.44
09/16/2016,4818.05,--,4811.79,4821.85,4794.2
09/15/2016,4819.9,--,4749.71,4826.02,4748.67
09/14/2016,4746.06,--,4726.75,4770.39,4726.75
09/13/2016,4722.84,--,4740,4756.2,4701.79
09/12/2016,4764.65,--,4656.59,4772.44,4656.51
09/09/2016,4681.53,--,4763.04,4773.77,4681.53
09/08/2016,4804,--,4816.48,4816.48,4791.22
09/07/2016,4831.86,--,4829.91,4839.59,4813.99
09/06/2016,4829.51,--,4806.66,4829.51,4797.34
09/02/2016,4798.74,--,4806.14,4816.7,4781.61
09/01/2016,4783.94,--,4774.81,4787.94,4750.24
08/31/2016,4771.05,--,4770.23,4775.19,4751.69
08/30/2016,4775.99,--,4787.77,4797.62,4760.28
08/29/2016,4791.09,--,4787.93,4804.42,4784.63
08/26/2016,4783.69,--,4782.46,4815.58,4758.1
08/25/2016,4775.43,--,4773.68,4792.47,4768
08/24/2016,4783.49,--,4812.49,4821.3,4770.73
08/23/2016,4818.48,--,4828.79,4836.45,4816.76
08/22/2016,4808.56,--,4797.95,4817.36,4791.06
08/19/2016,4806.14,--,4800.2,4816,4786.27
08/18/2016,4808.68,--,4802.33,4814.54,4794.29
08/17/2016,4805.45,--,4799.03,4807.05,4772.43
08/16/2016,4797.19,--,4814.21,4814.96,4796.92
08/15/2016,4827.12,--,4814.77,4837.67,4812.45
08/12/2016,4807.08,--,4794.35,4807.53,4790.49
08/11/2016,4803.31,--,4800.59,4813.36,4790.65
08/10/2016,4783.39,--,4799.83,4799.88,4771.98
08/09/2016,4795.75,--,4787.92,4811.01,4786.38
08/08/2016,4784.74,--,4791.1,4794.14,4770.22
08/05/2016,4791.21,--,4769.17,4799.86,4763.58
08/04/2016,4743.81,--,4731.54,4749.09,4719.01
08/03/2016,4734.33,--,4716.58,4734.33,4712.1
08/02/2016,4719.21,--,4748.42,4752.29,4689.55
08/01/2016,4756.04,--,4734.44,4767.24,4728.73
07/29/2016,4730.23,--,4734.7,4743.25,4715.77
07/28/2016,4721.41,--,4710.23,4725.78,4696.08
07/27/2016,4702.88,--,4711.11,4716.07,4685.11
07/26/2016,4672.11,--,4664.1,4687.9,4648.92
07/25/2016,4665.93,--,4662.9,4667.09,4650.5
07/22/2016,4666.07,--,4650.98,4670.54,4635.22
07/21/2016,4647.02,--,4662.95,4669.53,4634.07
07/20/2016,4657.2,--,4630.85,4665.67,4623.93
07/19/2016,4603.28,--,4601.68,4617.47,4595.38
07/18/2016,4619.68,--,4595.06,4627.57,4591.83
07/15/2016,4589.83,--,4602,4607.17,4579.83
07/14/2016,4596.49,--,4597.19,4604.76,4585.7
07/13/2016,4565.77,--,4589.13,4589.95,4565.7
07/12/2016,4577.61,--,4579.85,4588.24,4570.56
07/11/2016,4554.71,--,4544.33,4569.97,4544.33
07/08/2016,4528.36,--,4484.92,4529.72,4476.5
07/07/2016,4459.58,--,4451.15,4468.31,4438.8
07/06/2016,4444.7,--,4388.43,4447.23,4375.72
07/05/2016,4410.75,--,4414.35,4418.04,4386.56
07/01/2016,4437.44,--,4411.77,4453.86,4411.76
06/30/2016,4417.7,--,4378.75,4417.96,4359.57
06/29/2016,4364.74,--,4323.33,4373.96,4322.36
06/28/2016,4290.47,--,4245.32,4291.43,4245.29
06/27/2016,4201.05,--,4247.71,4249,4179.74
06/24/2016,4285.7,--,4294.8,4373.15,4274.54
06/23/2016,4467.48,--,4437.61,4467.48,4420.16
06/22/2016,4404.73,--,4415.46,4442.02,4400.88
06/21/2016,4413.4,--,4408.03,4422.67,4398.64
06/20/2016,4400.16,--,4424.11,4444.06,4397.36
06/17/2016,4374.38,--,4409.75,4409.75,4363.63
06/16/2016,4424.23,--,4387.9,4428.27,4362.16
06/15/2016,4409.51,--,4433.68,4439.61,4404.58
06/14/2016,4424.91,--,4413.71,4439.73,4392.43
06/13/2016,4422.76,--,4436.12,4461.26,4419.73
06/10/2016,4461.05,--,4473.08,4480.48,4447.33
06/09/2016,4512.69,--,4501.14,4518.5,4494.76
06/08/2016,4520.63,--,4521.1,4529.09,4505.39
06/07/2016,4513.09,--,4527.86,4532.3,4511.42
06/06/2016,4523.63,--,4517.88,4536.55,4510.33
06/03/2016,4509.79,--,4520.98,4523.36,4480.8
06/02/2016,4531.35,--,4510.81,4531.35,4488.08
06/01/2016,4520.07,--,4507.18,4530.39,4502.78
05/31/2016,4523.89,--,4513.85,4526.84,4497.65
05/27/2016,4512.54,--,4490.95,4512.54,4489.16
05/26/2016,4487.96,--,4478.57,4494.03,4469.76
05/25/2016,4476.43,--,4459.26,4488.52,4453.05
05/24/2016,4444.3,--,4381.34,4449.21,4380.46
05/23/2016,4355.1,--,4364.73,4382.4,4353.36
05/20/2016,4362.9,--,4330.07,4379.98,4329.57
05/19/2016,4315.58,--,4319.86,4331.58,4284.37
05/18/2016,4338.23,--,4314.34,4360.91,4305.73
05/17/2016,4322.56,--,4376.55,4385.06,4311.18
05/16/2016,4380.48,--,4335.33,4395.7,4329.89
05/13/2016,4326.53,--,4337.83,4364.24,4318.7
05/12/2016,4342.81,--,4376.09,4377.86,4312.88
05/11/2016,4361.03,--,4395.88,4407.93,4360.73
05/10/2016,4402.04,--,4360.73,4404.09,4351.16
05/09/2016,4341.23,--,4331.66,4361.87,4329.9
05/06/2016,4330.17,--,4290.36,4330.24,4282
05/05/2016,4309.48,--,4326.91,4333.12,4299.61
05/04/2016,4312.01,--,4314.49,4328.22,4301.07
05/03/2016,4341.39,--,4349.08,4368.76,4329.76
05/02/2016,4381.3,--,4350.83,4386.97,4334.59
04/29/2016,4341.3,--,4367.59,4372.97,4307.1
04/28/2016,4363.99,--,4419.12,4447.2,4355.3
04/27/2016,4416.63,--,4412.82,4426.28,4381.17
04/26/2016,4452.97,--,4480.6,4490.06,4439.38
04/25/2016,4474.13,--,4459.67,4474.77,4452.87
04/22/2016,4474.19,--,4478.44,4502.39,4440.14
04/21/2016,4540.8,--,4540.71,4558.67,4522.85
04/20/2016,4540.44,--,4539.19,4562.34,4523.9
04/19/2016,4537.09,--,4573.58,4574.38,4515.98
04/18/2016,4569.32,--,4535.21,4570.58,4531.11
04/15/2016,4543.16,--,4550.31,4558.92,4531
04/14/2016,4554.62,--,4554.66,4569.73,4541.66
04/13/2016,4554.72,--,4526.92,4560.11,4524.26
04/12/2016,4496.04,--,4464.07,4503.89,4435.05
04/11/2016,4458.71,--,4496.26,4516.1,4458.47
